:020000042000DA
:100000000002042001020020515F002003020020B2
:10001000030200200302002003020020030200204C
:10002000030200200302002003020020030200203C
:10003000030200200302002003020020030200202C
:10004000111F0020511F0020911F0020C11F002000
:10005000030200200302002003020020030200200C
:1000600003020020030200200302002003020020FC
:10007000030200200302002003020020715F002021
:10008000A15F0020030200200302002003020020E1
:10009000D1260020F12600200302002003020020C8
:1000A00003020020030200200302002003020020BC
:1000B00003020020030200200302002003020020AC
:1000C00072B6394880F30888384880F309880220DE
:1000D00080F31488BFF36F8F35483649086001F00C
:1000E0009FFE01F00DFF344834492F4A914202DA55
:1000F00008600431FAE732492C4A914202DA08607A
:100100000431FAE72F49304A304B9A4204DA086842
:10011000106004310432F8E700202D492D4A914245
:1001200002DA08600431FAE701F0B2FE01F080FE65
:10013000294C2A4DAC4203DA216888470434F9E798
:100140000CF0F6FD264C274DAC4203DA21688847B7
:100150000434F9E72449084772B6244880F3088834
:10016000234880F30988022080F31488BFF36F8F3F
:100170000F481049086001F06BFE01F071FE0E4857
:100180001C491A4A914202DA08600431FAE71A4916
:10019000174A914202DA08600431FAE701F068FE7A
:1001A0000CF0D6FF15490847000204200004042083
:1001B0000000002008ED00E05555555500000420D2
:1001C00000020420BC130120BC130120981401205C
:1001D00098140120D8260120C0000020C000002073
:1001E000C0000020C0000020411E0020001204209A
:1001F000001404200010042000120420811E00209E
:100200005EE700F000F8FEE7F0B544464D4656467E
:100210005F46F0B46B46CB60C3689D46F0BCA04619
:10022000A946B246BB46F0BD05F0E2FE62B6281C08
:10023000A047002003F00CFCFEE701F069FF024A32
:10024000024B1360FEE7000004ED00E000000080B8
:10025000024670B50A4392072AD11E4DEE0104C82A
:1002600008C9541B9443344017D0D0B2D9B2401AB5
:100270002106014310D190B299B2401A21040143E2
:100280000AD110021902000A090A401A2102014388
:1002900002D1100E190E401A70BD9A42DFD010BA6A
:1002A00019BA884201D9012070BD0020C04370BD39
:1002B00002780B7801300131002A09D09A4207D127
:1002C00002780B7801300131002A01D09A42EFD038
:1002D000D01A70BD01010101002243088B4274D382
:1002E00003098B425FD3030A8B4244D3030B8B4237
:1002F00028D3030C8B420DD3FF22090212BA030C40
:100300008B4202D31212090265D0030B8B4219D320
:1003100000E0090AC30B8B4201D3CB03C01A524140
:10032000830B8B4201D38B03C01A5241430B8B4288
:1003300001D34B03C01A5241030B8B4201D30B0371
:10034000C01A5241C30A8B4201D3CB02C01A524198
:10035000830A8B4201D38B02C01A5241430A8B425B
:1003600001D34B02C01A5241030A8B4201D30B0244
:10037000C01A5241CDD2C3098B4201D3CB01C01A5E
:10038000524183098B4201D38B01C01A5241430968
:100390008B4201D34B01C01A524103098B4201D356
:1003A0000B01C01A5241C3088B4201D3CB00C01AC3
:1003B000524183088B4201D38B00C01A524143083B
:1003C0008B4201D34B00C01A5241411A00D2014660
:1003D000524110467047FFE701B5002000F0F0F8E9
:1003E00002BDC0460029F7D076E7704703460B43AD
:1003F0007FD4002243088B4274D303098B425FD31E
:10040000030A8B4244D3030B8B4228D3030C8B4249
:100410000DD3FF22090212BA030C8B4202D312122F
:10042000090265D0030B8B4219D300E0090AC30B04
:100430008B4201D3CB03C01A5241830B8B4201D3B1
:100440008B03C01A5241430B8B4201D34B03C01A9A
:100450005241030B8B4201D30B03C01A5241C30A12
:100460008B4201D3CB02C01A5241830A8B4201D383
:100470008B02C01A5241430A8B4201D34B02C01A6D
:100480005241030A8B4201D30B02C01A5241CDD212
:10049000C3098B4201D3CB01C01A524183098B425D
:1004A00001D38B01C01A524143098B4201D34B0146
:1004B000C01A524103098B4201D30B01C01A5241A9
:1004C000C3088B4201D3CB00C01A524183088B4230
:1004D00001D38B00C01A524143088B4201D34B0019
:1004E000C01A5241411A00D201465241104670478B
:1004F0005DE0CA0F00D04942031000D34042534090
:1005000000229C4603098B422DD3030A8B4212D34F
:10051000FC22890112BA030A8B420CD38901921181
:100520008B4208D3890192118B4204D389013AD0BE
:10053000921100E08909C3098B4201D3CB01C01A93
:10054000524183098B4201D38B01C01A52414309A6
:100550008B4201D34B01C01A524103098B4201D394
:100560000B01C01A5241C3088B4201D3CB00C01A01
:10057000524183088B4201D38B00C01A5241D9D219
:1005800043088B4201D34B00C01A5241411A00D29A
:100590000146634652415B10104601D34042002B96
:1005A00000D54942704763465B1000D3404201B515
:1005B000002000F005F802BD0029F8D016E77047CA
:1005C0007047C046002B11D1002A0FD1002900D15D
:1005D000002802D00021C943080007B4024802A144
:1005E0004018029003BDC046D9FFFFFF03B4684620
:1005F00001B5029800F006F8019B9E4602B00CBCC3
:100600007047C046F0B557464E464546DE46E0B513
:1006100004000D009246994683B08B4230D82DD00D
:100620004946504600F0BAF829000600200000F0C4
:10063000B5F8331A9846203B9B4633D45A46534666
:10064000934042461F00534693401E00AF423AD8A3
:10065000AF4200D178E05B46A41BBD41002B00DA1D
:1006600075E0002200230092019301235A46934033
:100670000193012342469340009328E08242CFD960
:1006800000220023009201930C9B002B01D01C60E0
:100690005D600098019903B0F0BCBB46B246A94624
:1006A000A046F0BD424620239B1A5246DA404146FE
:1006B00013004A468A40170042461F435346934060
:1006C0001E00AF42C4D9002200230092019343468A
:1006D000002BD9D0FB0772081A4346467B080EE070
:1006E000AB4201D1A2420CD8A41A9D410120241989
:1006F0006D410021013E24184D41002E06D0AB4231
:10070000EED9013E24196D41002EF8D100980199CF
:100710005B4600196941002B24DB2B005A464446F6
:10072000D3402A00E2401C005B461500002B2ADB68
:1007300026009E40330026004746BE403200801A05
:100740009941009001919FE7A342BCD883E74246BC
:10075000202300219B1A0022009101920122DA40FD
:10076000019286E7424620239B1A2A0046469A4079
:100770002300F340444613432A00E2401C005B463A
:100780001500002BD4DA42462F0020232600974084
:100790009B1ADE403B003343CDE7C04610B500292D
:1007A00003D100F007F8203002E0080000F002F862
:1007B00010BDC0461C2101231B04984201D3000C2C
:1007C00010391B0A984201D3000A08391B099842C4
:1007D00001D30009043902A2105C40187047C046DA
:1007E00004030202010101010000000000000000FA
:1007F0004B1E994114204942084014387047C046A6
:10080000EFF31080C3070DD4EFF30583DB050AD0A7
:1008100072B6D021BE22090652008B58002BFCD0A4
:10082000BFF35F8F704772B6D021BE220906520017
:100830008B58002BFCD0BFF35F8FF3E70000000064
:10084000FEE7C046000000000000000000000000BD
:1008500010B572B6D022BE21120649005358002BA3
:10086000FCD0BFF35F8F837F013B8377C4690B4B61
:1008700023400F2B04D0BFF35F8F525062B610BDE0
:10088000846A436A23605C60BFF35F8F525062B634
:10089000C36A002BF3D09847F1E7C046FF00FF0082
:1008A00010B5046B406972B6D022BE211206490011
:1008B0005358002BFCD0BFF35F8F23680360206088
:1008C000BFF35F8F525062B610BDC04600000000FB
:1008D00030B572B6D025BE242D0664002B59002BEE
:1008E000FCD0BFF35F8F0B4C65682B1A4842184051
:1008F0002368821A9A420BD3954209D36260BFF3F0
:100900005F8FD023BE221B0652009B5062B630BDC3
:100910000020F4E7001501200000000000000000A6
:10092000036810B51A1D02601B68984710BDC046C9
:10093000036810B519001A1D026008311A680160B9
:100940005868904710BDC04600000000000000003D
:100950000200036810B5191D016008311C68586851
:1009600011609968A04710BD000000000000000061
:10097000036870B51D000200191D016010351C6868
:10098000586899681560DA68A04770BD00000000DB
:10099000036870B51E0004001A1D026014361D683D
:1009A0009968DA68586826601B69A84770BDC04618
:1009B000074A10B55468231A4842184013689842F1
:1009C00003D3844201D3506010BD0020FCE7C04631
:1009D00000150120000000000000000000000000E1
:1009E00072B6D022BE21120649005358002BFCD00B
:1009F000BFF35F8FEFF30983203B83F309888021E6
:100A00004904D9611168074A89005218526811686F
:100A1000D26889689268914202D9034A9A61704704
:100A2000024AFBE7081501203B0200203E0200209D
:100A300010B50400034BE1B2586A0368DB689847BD
:100A4000200010BD2415012000000000000000005F
:100A50000E4870B5D0220500BE218026143512063E
:100A6000490076420468002C0CD072B65358002B13
:100A7000FCD0BFF35F8F637F33436377BFF35F8F38
:100A8000525062B60430A842ECD170BDE81D01207E
:100A90000123624830B5036072B6D022BE2112062F
:100AA00049005358002BFCD0BFF35F8F13685C4C98
:100AB0009B00E31859680A688A4200D19CE0002331
:100AC000126801338A42FBD14A688A4200D177E03A
:100AD0005268013B8A42FBD1002B00D070E0BFF38B
:100AE0005F8FD022BE2112064900525062B6022307
:100AF000036072B65358002BFCD0BFF35F8F1368AE
:100B00009B00E3185D6829002A6910318A4200D1F0
:100B100078E00023126801338A42FBD16A698A4275
:100B200040D05268013B8A42FBD1002B3AD1BFF33F
:100B30005F8FD022BE2112064900525062B60323B5
:100B4000036072B65358002BFCD0BFF35F8F2100B7
:100B50001368226910318A425AD000231268013387
:100B60008A42FBD16169914238D010344968013B17
:100B7000A142FBD1002B31D1BFF35F8FD022BE2128
:100B800012064900525062B60423036072B65358ED
:100B9000002BFCD0BFF35F8F1368BFF35F8F525001
:100BA00062B60CE0BFF35F8FD023BE221B0652005B
:100BB0009B5062B60223FF3383801A4B836030BDA3
:100BC000BFF35F8FD023BE221B0652009B5062B63C
:100BD0000223FF338380144B8360F0E7BFF35F8F02
:100BE000D023BE221B0652009B5062B60223FF3365
:100BF00083800E4B8360E2E74A6800238A4200D07C
:100C000066E76CE76A690023914200D089E78EE7C6
:100C1000616900239142A8D1AEE7C04624150120A6
:100C200008150120A8E4002090E40020CCE4002076
:100C30000122034B1A6072B672B672B662B6704782
:100C4000241501200000000000000000000000004A
:100C50000122044B1A60044A916A936A9942FCD0BB
:100C60007047C046241501200040054000000000E8
:100C70000322014B1A607047241501200000000078
:100C8000054B1900DA6820318A4203D20178501CE2
:100C9000D86011707047C046241501200000000084
:100CA0000022014B1A607047FC1D0120000000006B
:100CB0000122024B1B605B609A607047C4150120E3
:100CC0000022024B1B605B609A607047C4150120D4
:100CD0000022024B1B605B609A607047C4150120C4
:100CE0000022024B1B605B609A607047C4150120B4
:100CF0000022024B1B605B609A607047C4150120A4
:100D00000022024B1B605B609A607047CC1301208D
:100D10000022024B1B605B609A607047CC1301207D
:100D20000022044B1B605B609A60034B1B605B609E
:100D30009A607047CC130120DC13012000000000F2
:100D40000022044B1B605B60034B1B605B609A607E
:100D50007047C046BC130120CC13012000000000E6
:100D60000022044B1B605B60034B1B605B609A605E
:100D70007047C046BC130120CC13012000000000C6
:100D80000022064B1B605B60054B1B605B609A603A
:100D9000044B1B605B609A607047C046BC13012027
:100DA000CC130120DC130120000000000000000033
:100DB000054B1900DA6820318A4203D2511CD960F0
:100DC000412313707047C046241501200000000025
:100DD000054B1900DA6820318A4203D2511CD960D0
:100DE000422313707047C046241501200000000004
:100DF000054B1900DA6820318A4203D2511CD960B0
:100E0000432313707047C0462415012000000000E2
:100E10000223F0B5604A614C8BB01260236072B659
:100E2000D021BE20090640000B58002BFCD0BFF398
:100E30005F8F0B685A4E9B00F3185B6805ADDB684B
:100E400017686B600123AB600023EB60013B0597E3
:100E500015602B61BFF35F8F095062B672B6D02167
:100E6000BE20090640000B58002BFCD0BFF35F8F5B
:100E70000B6817689B00F61873686E46DB6800976E
:100E800073600223B3600023F360013B166033619B
:100E9000BFF35F8F095062B672B6D021BE2009063B
:100EA00040000B58002BFCD0BFF35F8F13689342B8
:100EB00056D0BFF35F8F095062B60323236072B62A
:100EC000D020BE21000649004358002BFCD0BFF3C0
:100ED0005F8F130001E0AB424DD019001B689342B5
:100EE000F9D1BFF35F8FD021BE2009064000095021
:100EF00062B672B60B58002BFCD0BFF35F8F13683D
:100F000093422DD0BFF35F8F095062B60423236054
:100F100072B6D020BE21000649004358002BFCD0F9
:100F2000BFF35F8F130001E0B34231D019001B689B
:100F30009342F9D1BFF35F8FD021BE200906400054
:100F4000095062B672B60B58002BFCD0BFF35F8F0E
:100F50001368934212D1BFF35F8F095062B608E065
:100F60000223FF33A3800F4BA360BFF35F8F0950B1
:100F700062B60BB0F0BD1B680B60B2E70223FF3313
:100F8000A380094BA360BFF35F8F095062B6F0E7FF
:100F90001B680B60CEE7C046C41301202415012056
:100FA00008150120E8E40020F4E40020000000001F
:100FB00072B6D022BE21120649005358002BFCD035
:100FC000BFF35F8F1068064B80001B1800205B6822
:100FD000DB685864BFF35F8F525062B67047C046FB
:100FE00008150120000000000000000000000000C3
:100FF00072B6D022BE21120649005358002BFCD0F5
:10100000BFF35F8F1068064B80001B1800205B68E1
:10101000DB685864BFF35F8F525062B67047C046BA
:101020000815012000000000000000000000000082
:1010300072B6D022BE21120649005358002BFCD0B4
:10104000BFF35F8F1068064B80001B1800205B68A1
:10105000DB685864BFF35F8F525062B67047C0467A
:101060000815012000000000000000000000000042
:1010700072B6D022BE21120649005358002BFCD074
:10108000BFF35F8F1068064B80001B1800205B6861
:10109000DB685864BFF35F8F525062B67047C0463A
:1010A0000815012000000000000000000000000002
:1010B00072B6D022BE21120649005358002BFCD034
:1010C000BFF35F8F1068064B80001B1800205B6821
:1010D000DB685864BFF35F8F525062B67047C046FA
:1010E00008150120000000000000000000000000C2
:1010F00072B6D022BE21120649005358002BFCD0F4
:10110000BFF35F8F1068084B80001B1800205B68DE
:10111000DB685864BFF35F8F525062B6034B1B60AD
:10112000034B1B607047C04608150120C413012003
:10113000C8130120000000000000000000000000B3
:10114000054B1900DA6820318A4203D20178501C1D
:10115000D86011707047C0462415012000000000BF
:1011600010B5FE240722E400A44600200A4BD91D36
:1011700091435B1A094A6344DB08D16010614B60FC
:101180000133DB001060086093601300143351607A
:1011900053619361D06110BDF015012070150120DD
:1011A000CC210022044B490059609539FF391A605F
:1011B0009960DA607047C046A41501200000000065
:1011C0007047C04600000000000000000000000062
:1011D0000022024B1B605B609A607047D0150120B3
:1011E0000122024B1B605B609A607047D0150120A2
:1011F0000022024B1B605B609A607047B4150120AF
:10120000094B0A4A11001A60DA609A6000221A61DA
:101210001A751A0018329A61DA611A0010312032F8
:1012200059601A625A627047EC130120941501202C
:10123000094B0A4A11001A60DA609A6000221A61AA
:101240001A751A0018329A61DA611A0010312032C8
:1012500059601A625A627047EC13012094150120FC
:10126000094B0A4A11001A60DA609A6000221A617A
:101270001A751A0018329A61DA611A001031203298
:1012800059601A625A627047EC13012094150120CC
:101290000D4B0E4A19002031196259621900303184
:1012A0001A60DA609A6019631032596319005A6043
:1012B000002240311A611A759A61DA619A629A6362
:1012C000196459649A64704714140120F0140120C1
:1012D000F0B5C646056900B52C00954200D2140051
:1012E0000F19BC46D02366461B0698461B68154A54
:1012F0009B00D3185B68144F1B6B04339B00DE51BB
:10130000BB6A591A8C4202D980BCB846F0BD29008C
:10131000444624680131A40014196468CE18246B73
:101320000434A4003E51BC6AE31A8B4207D28D42BA
:10133000EAD20123016191690B439361E4E7230041
:10134000E6E7C04608150120004005400000000007
:10135000F0B5CE4647460468056980B5C2608B602B
:1013600048600C6061600160AB4200D22B00D0216C
:101370000906894609681F4E8900711849681E4C84
:10138000096B8C46D118884661464746043189006E
:101390000F5167460121B9406163A76B3943A163CF
:1013A000A16A8F1A9F4203D2C0BCB946B046F0BDB5
:1013B0002B004F463F689046BF00BC46B44467468A
:1013C0007F6801333F6B98443A00474604329200ED
:1013D000A750A26A9446521A934207D99D42E3D27B
:1013E00003610123B2691343B361DDE70A0061467B
:1013F000DFE7C0460815012000400540000000005E
:10140000D0234B4A1B0694461B68F0B59B006344EF
:101410005B68454698461023434457469A46454BD9
:101420004E4699460023DE469B46E0B583B0D02465
:10143000240643461E694B46996A4346B268DF69F3
:10144000CB1B9A424BD84346BF18DF6172683368A2
:1014500013605A605B46336043461B699A452FD040
:10146000BFF35F8FBE256D00645162B630003169F5
:10147000F368984772B66359002BFCD0BFF35F8FB7
:101480007369002BD5D04A46926AD01B834237D36A
:10149000414609698A4502D140E009689B1A8A6879
:1014A0009A42FAD34A68B3607260316016608A6803
:1014B0004E60D31A8B60012342465B429361B6E7CC
:1014C0001B4923688C469B0063445B684A46196B42
:1014D00001238B40926B9A434B469A63C0E7B24517
:1014E00007D04346BA18521AD9615046B260FFF786
:1014F000EFFE03B0F0BCBB46B246A946A046F0BD25
:101500000B4B9B690193022301990B4308498B61A3
:10151000434619698A4508D00300C0E7DB199B1AC6
:1015200031005046FFF714FFE3E70023F8E7C04619
:1015300008150120004005400000000000000000E8
:1015400072B6D020BE22000652008358002BFCD079
:10155000BFF35F8F0B7F0C2B0BD8144A9B00D35823
:101560009F464A6B9368013393604A680B68136027
:101570005A6001235B424B6300238A680B770B6937
:101580001B6898689042FBD25A680B604A601160F1
:101590005960BFF35F8FD023BE221B0652009B50C1
:1015A00062B6704700224B6B1A60E2E704E5002048
:1015B00010B572B6D022BE21120649005358002B36
:1015C000FCD0BFF35F8F136816499B00CB185B6894
:1015D0001868DB6880689B6898421AD313689B0080
:1015E000C9184B681868D96802681A6053600122EC
:1015F0000277D86000238A680B770B691B689C68A8
:101600009442FBD25A680B604A6011605960FEF741
:10161000FBFDBFF35F8FD023BE221B0652009B5001
:1016200062B610BD08150120000000000000000097
:1016300070B5D02504000B4E2D06FFF7B9FFFFF75C
:10164000B7FFFFF7B5FFFFF7B3FF2368043323604D
:101650002B689B00F3185B68DB685B7F7F2BECD902
:1016600070BDC04608150120000000000000000009
:10167000D022F0B5C64612061368174D9B00EB1832
:101680005B6800B5DB68984672B6BE2149005358C6
:10169000002BFCD0BFF35F8FD02403270126240644
:1016A00023689B00EB185B68D9680F77186802689D
:1016B0001A6053600677D860FEF7A6FD43465B6B61
:1016C000002BEDD0BFF35F8FBE235B00E45062B60A
:1016D00080BCB846F0BDC0460815012000000000DF
:1016E0000EB4F0B54E464546DE465746E0B588B0E6
:1016F00011AB04CB05000493029300231178561C10
:101700000093002900D182E017000BE037002B681E
:101710002800DB689847009B0133009339787E1CD2
:10172000002974D02529F1D100227B7801922D2B3C
:1017300002D12C3BBE1C01930022337891462B2B07
:1017400003D1013291467378013620229046302B26
:1017500002D19846013633782A2B15D10298737836
:10176000002210C8B71C2E2B26D020261900B1430A
:101770004C292FD01E00413E033EF6B2342E52D8E3
:10178000C649B6008E59B7460136002B3FD000241B
:1017900008E0A30001361C19731E1B78640014199D
:1017A000002B34D01A00303AD2B23700092AF0D9CF
:1017B000002202982E2BD8D13B78002B27D0791C01
:1017C0002A2B15D17B782026190004C80237B14393
:1017D0004C29CFD17B1C9C463B78002B17D01E0098
:1017E000443EF6B2342E1DD8AD4FB600BE59B746B2
:1017F0001E00303EF6B20F00092EB6D8930001311C
:101800009A184B1E1B785200B218002BF0D100988A
:1018100008B0F0BCBB46B246A946A046F0BC08BC26
:1018200003B018476746013C04AA1371E343DB1772
:1018300023409946019B0290002B24D000239A4616
:1018400005AE53463400F6182B682178DB68280073
:10185000984723000134B342F6D1009B013353442F
:1018600000934B46002B00D158E74C4646462B6868
:1018700031002800DB68013C9847002CF7D1009B21
:101880004B4400934AE74B465B429946002C00DDEF
:10189000F2E0002305AE9A46D3E76746030001CB8A
:1018A0000293002800DADEE005AB03934B46002BE1
:1018B00006D02B2304AA94461371263B634403935A
:1018C0000B229446039BA14663449A461E00AB46F6
:1018D0000A210500FEF786FD3031CCB2013E0A2117
:1018E00028003470FEF7F8FC092DF1DC23004C468B
:1018F000994653465D469A1B49460023039800E0EB
:10190000F15CC15401339342FAD1039AD61805AB66
:10191000F61A731EA41B9A4605AE2DE067461023E7
:101920009A46030001CB04AA944602930F23634412
:101930009B461E002B00A14655469A4629000400EE
:10194000FEF750FD0B003033392B00DD0733013E2D
:10195000DBB23370AC42F1D25A464C46911B55462D
:1019600005AA00E033780136137001325E45F9D1E3
:101970004B1E9A46641A05AEE343DB172340994693
:10198000019B002B04D14B465B429946002C37DC6F
:101990005346002B00DB54E763E7674608239A466B
:1019A000BFE76746030040CB0293002E71D0337827
:1019B000002A66D0002B79D0013A77D4330002E0B8
:1019C000F11AD14203D4597801330029F8D19B1B75
:1019D000E41A013B9A4620239846CDE76746020069
:1019E00008CA013C029204AA137120239846E343DB
:1019F000DB1723409946019B002B00D01EE742E7EE
:101A00001C003178FD230A002B3A1A421BD04346B2
:101A10002200B0464C461E0091462B68310028003B
:101A2000DB6801349847002CF7D14B46A1461C00D7
:101A3000009B32001B1B0093534646469046002BEA
:101A400000DBFEE66AE64346302BE0D12B68280037
:101A5000DB689847009B01360133009301235B420A
:101A60009C46E244D3E72D2304AA94461371283BF5
:101A700063444042039323E700234C469A4605AE55
:101A8000BFE7002B12D0074A98E767460A239A4619
:101A900047E7054E002A8FD1024A8FE740E5002034
:101AA00014E60020FE7F000038E50020E343DB174A
:101AB00023409946019B002B04D14B465B4299463B
:101AC000002C02DC20239846CBE620239846213BBD
:101AD0004C469A4695E7C046000000000000000012
:101AE00010B5040082B000292BDC184A1849FFF712
:101AF000F7FD184A18492000FFF7F2FD174A184968
:101B00002000FFF7EDFD174A17492000FFF7E8FD19
:101B1000164A17492000FFF7E3FD164A1649200030
:101B2000FFF7DEFD154A16492000FFF7D9FD154BDA
:101B300020000093144A154B1549FFF7D1FD02B060
:101B400010BD144A1449FFF7CBFDF8E7FCE600206E
:101B500004E7002018E7002038E700204CE70020C9
:101B600054E7002068E7002074E7002088E70020A1
:101B7000A8E70020BCE70020E8110120C4E700200E
:101B8000D8E7002014E80020F0E70020ECE7002070
:101B9000FCE70020E8E60020F0E60020000000005E
:101BA00010B5012904D0054A0549FFF799FD10BD7C
:101BB00012680449FFF794FDF9E7C04620E80020C9
:101BC000F0E600209011012000000000000000005D
:101BD00010B5002905DC054B05499A6AFFF780FD21
:101BE00010BD044A0449FFF77BFDF9E700400540BA
:101BF00038E8002030E80020F0E600200000000077
:101C0000F0B54546DE4657464E46E0B5804689B0BB
:101C1000002963DC3449FFF763FD72B6D022BE2190
:101C2000120649005358002BFCD0BFF35F8F2F4B97
:101C30001C699946243CA37F0133A377BFF35F8FD0
:101C4000525062B62A4BD025BE269A462D06760003
:101C50002369A0681A6B636984460793207F254B2C
:101C600080001B58A17F206A9B46E7680139002845
:101C700024D05B460493634605900393029140464B
:101C80005146079B01940097FFF72AFD72B6AB59A6
:101C9000002BFCD0BFF35F8F4B46676A10339F4227
:101CA0000ED0243FBB7F0133BB77BFF35F8FAD51B5
:101CB00062B62000FEF7CCFD3C00C9E70E48D8E72D
:101CC000BFF35F8FAD5162B62000FEF7C1FD09B0D2
:101CD000F0BCBB46B246A946A046F0BD074A08493B
:101CE000FFF7FEFCF3E7C04640E80020081501209E
:101CF00084E80020DC0E012034EA00201C050120CD
:101D0000F0E60020000000000000000000000000DD
:101D1000F8B504000D00002818D00860124E20000D
:101D200031000CF09BFB235C2718222B13D03100D1
:101D300038000CF075FB002814D0431C2B600023E6
:101D400003703B78002B04D03800F8BD0C68002CE1
:101D5000E4D10027F8E70137222138000CF0C6FA59
:101D60000028EAD12860ECE7B0E80020000000007D
:101D700010B5044B044A586204481A620CF048F843
:101D800010BDC04624150120310A0020600E01203C
:101D900010B5044B044A586204481A620CF038F833
:101DA00010BDC04624150120310A00204C09012035
:101DB00010B5002101480BF06BFF10BDC4150120C8
:101DC000012310B5134C002023600BF0F1FD002817
:101DD00019D10BF0B5FD002815D100200BF078FDCE
:101DE000002810D102230C4823600BF0E1FD0028ED
:101DF00009D109480BF0A4FD002804D106480BF0D6
:101E000067FD002804D00223FF33A380034BA360A7
:101E100010BDC0462415012050C30000B4E80020C6
:101E20007047C046000000000000000000000000F5
:101E30007047C046000000000000000000000000E5
:101E4000FEE7C046000000000000000000000000A7
:101E50007047C046000000000000000000000000C5
:101E60007047C046000000000000000000000000B5
:101E70007047C046000000000000000000000000A5
:101E8000FEE7C04600000000000000000000000067
:101E9000F8B5134C134F2500134A144814498035E4
:101EA00082420AD9030040C940C39A42FBD8013A92
:101EB000131A9B0801339B00C018874207D9013FC2
:101EC0003A1A92080132002192000CF0BBF910344A
:101ED000AC4204D021686068A268E768E0E7F8BD1A
:101EE00090090120D8260120D8260120D8260120DB
:101EF000D8260120000000000000000000000000C3
:101F00007047C04600000000000000000000000014
:101F100001220C4B70B576465A6372B6D024BE25AA
:101F200024066D006359002BFCD0BFF35F8FFFF7D1
:101F300067FABFF35F8F645162B60F3601D0FEF7C8
:101F40004FFD70BD00400540000000000000000093
:101F500002220C4B70B576465A6372B6D024BE2569
:101F600024066D006359002BFCD0BFF35F8FFFF791
:101F700047FABFF35F8F645162B60F3601D0FEF7A8
:101F80002FFD70BD00400540000000000000000073
:101F90000422074B10B55A63064B74469B68002B0E
:101FA00001D0022098470F3401D0FEF719FD10BD73
:101FB00000400540E0150120000000000000000086
:101FC0000822074B10B55A63064B7446DB68002B9A
:101FD00001D0032098470F3401D0FEF701FD10BD5A
:101FE00000400540E0150120000000000000000056
:101FF000F8B50F00D0210500090608681C498000CB
:1020000009182B6100234E686B613000194B1030AA
:10201000996A3369EA60984223D0F2698A1ABC1837
:10202000A24215D89A68A24202D915E01B68A41AE8
:102030009A68A242FAD35A68AC602B606A60156055
:102040009A685D60141B9C6001235B42B361F8BD1C
:102050009A683C00A242EBD93A00FFF739F933699C
:10206000E6E70A003B002900FFF772F9EFE7C046F8
:10207000081501200040054000000000000000009D
:10208000D02109060B681E4A9B00D3185B6870B507
:102090001C69A0420DD084680268A44641680A60A9
:1020A000516091686144916000220260013A9A6136
:1020B00070BD1D00046810351C616560002404605B
:1020C0001C69A54210D0A16882688C460D49624403
:1020D000A260896ADB69C81A8242E9D95B1A2800C2
:1020E0009A18FFF7F5F8E3E70968064889005218DF
:1020F0005268836B116B01228A4093438363D7E755
:10210000081501200040054000000000000000000C
:10211000D0231B061A680E4B92009B185B6810B503
:102120001868D96802681A60536001220277D86083
:1021300000238A680B770B691B689C689442FBD864
:102140005A680B604A6011605960FEF75DF810BD77
:102150000815012000000000000000000000000041
:10216000D0221206136870B5164C9B00E3185B680A
:10217000DD6872B6BE2149005358002BFCD0BFF376
:102180005F8FEE6CAB68B3421AD0834218D3D02372
:10219000E8641B061B689B00E41863681A68DB6828
:1021A00092689B689A4201D9FFF7B2FFBFF35F8F35
:1021B000D023BE221B0652009B5062B6300070BD79
:1021C000A860E4E7081501200000000000000000FE
:1021D000F8B5CE464746012380B5D0271C4D3F06B3
:1021E0002B603B681B4E9B00F3185B68DB689B68A9
:1021F000994601234B4418009846FFF7B1FF0400AD
:1022000048451ED13B689B00F3185B68DB689B6800
:1022100098450DD102232B60FFF7A2FF804510D116
:102220003B689B00F6187368DB689B689C4204D08F
:102230000223FF33AB80084BAB60C0BCB946B0464D
:10224000F8BD0223FF33AB80044BAB60F5E7C0461B
:102250002415012008150120E8E80020C4E800202A
:10226000F8B547460123CE46D024424E80B5240619
:1022700033602368404D9B00EB185B68DB689F6808
:1022800023689B00EB185B68DA68936802339360FD
:102290002368BA1C9B00EB185B689046DB689B6860
:1022A0009A424CD1022333607B1C18009946FFF7F9
:1022B00057FFB8424CD123689B00EB185B68DB6882
:1022C0009B6898453BD123689B00EB185B68DB68F3
:1022D000DB6C994542D103233360C31C1800984638
:1022E000FFF73EFF814533D123689B00EB185B6805
:1022F000DB689B68984522D123689B00EB185B68DC
:10230000DB68DB6C98452FD10423336072B6BE22A4
:102310005200A358002BFCD0BFF35F8F23689B00B3
:10232000EB185B68DB689F6023689B00ED186B68A7
:10233000DB68DF64BFF35F8FA45062B604E0022362
:10234000FF33B3800D4BB360C0BCB946B046F8BD97
:102350000223FF33B3800A4BB360F5E70223FF3358
:10236000B380084BB360EFE70223FF33B380064B23
:10237000B360E9E72415012008150120E8E80020F2
:10238000C4E8002004E900202CE90020000000003F
:1023900070B572B6D022BE21120649005358002BE8
:1023A000FCD0BFF35F8FBFF35F8F525062B672B63F
:1023B000D024BE2524066D006359002BFCD0BFF34A
:1023C0005F8FFEF71DFAC30707D4EFF30583DB0524
:1023D0000CD0BFF35F8F645162B6BFF35F8FD02321
:1023E000BE221B0652009B5062B670BD22680A4B8B
:1023F00092009B185B681A68DB6892689B689A4237
:1024000001D9FFF785FEBFF35F8FD023BE221B06E5
:1024100052009B5062B6E0E7081501200000000062
:1024200010B572B6D024BE2224065200A358002B49
:10243000FCD0BFF35F8F0BF0DBF922680A4B9200F0
:102440009B185B681A68DB6892689B689A4201D99E
:10245000FFF75EFEBFF35F8FD023BE221B06520044
:102460009B5062B610BDC046081501200000000058
:1024700010B572B6D024BE2224065200A358002BF9
:10248000FCD0BFF35F8F0BF0B3F922680A4B9200C8
:102490009B185B681A68DB6892689B689A4201D94E
:1024A000FFF736FEBFF35F8FD023BE221B0652001C
:1024B0009B5062B610BDC046081501200000000008
:1024C00010B572B6D024BE2224065200A358002BA9
:1024D000FCD0BFF35F8F0BF08BF922680A4B9200A0
:1024E0009B185B681A68DB6892689B689A4201D9FE
:1024F000FFF70EFEBFF35F8FD023BE221B065200F4
:102500009B5062B610BDC0460815012000000000B7
:1025100010B5D024240621680D4A89005218036999
:102520005268934202D0226D92070CD400220277A7
:1025300082681B6899689142FBD25A6803604260C6
:102540001060586010BD012252426265EEE7C0463D
:10255000081501200000000000000000000000003D
:10256000F8B5856A04002E6CAF6B002E00D1ABE08D
:10257000F023DB001E4227D040236B64534B1F40E7
:1025800072B6D021BE22090652008B58002BFCD017
:10259000BFF35F8FA069002805D00023A36101333A
:1025A0004363FFF7B5FFE069002805D00023E3612E
:1025B00001334363FFF7ACFFBFF35F8FD023BE222D
:1025C0001B0652009B5062B64023334238D09F43D3
:1025D000A36A9B69DB0619D472B6D021BE22090614
:1025E00052008B58002BFCD0BFF35F8FA0690028EE
:1025F00004D00023A3614363FFF78AFFBFF35F8F1B
:10260000D023BE221B0652009B5062B672B6D02168
:10261000BE22090652008B58002BFCD0BFF35F8FFF
:10262000E069002804D00023E3614363FFF770FFF3
:10263000BFF35F8FD023BE221B0652009B5062B6B1
:10264000102333421CD040229F436A6472B6D021CB
:102650003D320906FF328B58002BFCD0BFF35F8F51
:10266000A069002804D00023A3614363FFF750FF53
:10267000BFF35F8FD023BE221B0652009B5062B671
:10268000202333421AD09F4372B6D021BE220906BE
:1026900052008B58002BFCD0BFF35F8F206A0028BC
:1026A00004D0002323624363FFF732FFBFF35F8F41
:1026B000D023BE221B0652009B5062B62369AF6333
:1026C000002B01D020009847F8BDC0467FF8FFFFDF
:1026D00010B574460348FFF743FF0F3401D0FEF7EF
:1026E0007FF910BD981401200000000000000000D8
:1026F00010B574460348FFF733FF0F3401D0FEF7DF
:102700006FF910BDC414012000000000000000009B
:10271000D0231B061A68144B92009B185B6810B5F7
:102720000268DC68C3680100A364824218D0E06CD0
:10273000002B09D01A68934203D09268904200D2CD
:102740001000DB68002BF5D1A060086803680B60FF
:102750005960836C8860CB608164FFF7D9FE10BD3F
:1027600000239360FBE7C04608150120000000002D
:10277000D0221206136870B51A4E9B00F3185B68DE
:10278000DD6872B6BE2464001359002BFCD0BFF381
:102790005F8F03003C332B60036C69636B601D60CB
:1027A000037F05640E2B19D0D0240C222406236845
:1027B0009B00F6187368D9680A77186802681A606F
:1027C000536001220277D860FDF71EFD686BBFF3EE
:1027D0005F8FBE235B00E45062B670BDFFF798FECA
:1027E000E2E7C046081501200000000000000000DC
:1027F00010B504004121FFF7BBFF42212000FFF785
:10280000B7FF43212000FFF7B3FF44212000FFF76B
:10281000AFFF10BD0000000000000000000000003D
:1028200010B5040072B6D021BE22090652008B58A2
:10283000002BFCD0BFF35F8F154B1868002804D025
:10284000002242631A60FFF763FED0231B061A685A
:10285000104B92009B185B681A68DB6892689B6853
:102860009A4201D9FFF754FCBFF35F8FD023BE22F9
:102870001B0652009B5062B6074B1900DA682031E4
:102880008A4203D22178501CD860117010BDC04616
:10289000FC1D012008150120241501200000000066
:1028A00030B587B072B6D024BE2224065200A35899
:1028B000002BFCD0BFF35F8F23682A4D9B00EB18E1
:1028C0005B686846DB68284A2849FFF791FB0822C5
:1028D00023689B00EB185B68D9680A771868026860
:1028E0001A60536001220277D860FDF78DFC009BCF
:1028F000002B02D06846FFF7C3FBBFF35F8FD022E7
:10290000BE2112064900525062B672B65358002BCF
:10291000FCD0BFF35F8F164A936801339360002B9E
:1029200017DDD0231B061B689B00ED186B681A6827
:10293000DB6892689B689A4201D9FFF7E9FBBFF315
:102940005F8FD023BE221B0652009B5062B607B099
:1029500030BD106803685A60136000234363FFF7BB
:10296000D7FDDEE7081501204115002050C3000007
:10297000C41501200000000000000000000000005D
:1029800010B572B6D021BE22090652008B58002B1A
:10299000FCD0BFF35F8F8368002B17DDD0231B06AD
:1029A0001A68114B92009B185B681A68DB68926882
:1029B0009B689A4201D9FFF7ABFBBFF35F8FD0232F
:1029C000BE221B0652009B5062B610BD01338360CD
:1029D000012BE3D003681A680260506000221800DF
:1029E0005A63FFF795FDD9E70815012000000000A4
:1029F000F0B5D0273F063B681A4D9B00EB185B688B
:102A00000400DE6887B04B1C1CD033006846164AB1
:102A1000FFF7EEFA3B689B00EB185B68D9680C7710
:102A2000186802681A60536001220277D860FDF7C7
:102A3000EBFB009B002B02D06846FFF721FB706B7D
:102A400007B0F0BD3B689B00EB185B68D96808775E
:102A5000186802681A60536001220277D860FDF797
:102A6000D3FBECE708150120411500200000000011
:102A7000F0B5C646040000B50D0072B6D022BE21E6
:102A8000120649005358002BFCD0BFF35F8FF02093
:102A9000A36AC0001E6C064228D118229046102658
:102AA000164FA04409E04246A361290003205A635F
:102AB000FFF79EFF00280ED1A36A9B691E421BD020
:102AC000D0231B061B689B00FB185B68DB68002D8E
:102AD000E9D101204042BFF35F8FD023BE221B0605
:102AE00052009B5062B680BCB846F0BDBFF35F8F0A
:102AF000525062B60120F6E70020ECE708150120ED
:102B0000F8B55746DE464E4645460400E0B59246C7
:102B10000F009B46002A46D0002399467D33D025DE
:102B2000FF33984610262D0659462000FFF7A0FFD8
:102B300000282ED153464A46981A72B64346EB589F
:102B4000002BFBD0BFF35F8F3300A26A91690B406B
:102B50000E4202D00AE0984222D01268FA54A26AC9
:102B6000013391690E42F6D09944FF18E368590782
:102B700002D5916B314391639B0503D54021936B43
:102B80000B439363BFF35F8F4346ED5062B6CA4574
:102B9000CAD84846F0BCBB46B246A946A046F8BDD6
:102BA00081443F18EEE700239946F2E70000000059
:102BB000012310B55B42FFF7A3FF10BD000000002A
:102BC00010B5FFF79DFF10BD0000000000000000E1
:102BD000012110B549420400FFF74AFF002800D048
:102BE00010BDA36AFF301A689969104010220A428A
:102BF000F6D0E1684C0702D59C6B22439A638A05A4
:102C0000EED540219A6B0A439A63E9E70000000081
:102C100010B50400FFF72CFF002800D010BDA36AF8
:102C2000FF301A689969104010220A42F6D0E16814
:102C30004C0702D59C6B22439A638A05EED540214E
:102C40009A6B0A439A63E9E7000000000000000065
:102C5000F0B5C646040000B50D0072B6D021BE2204
:102C6000090652008B58002BFCD0BFF35F8F202346
:102C700098462026134FA04408E0424623622900CC
:102C800003205A63FFF7B4FE00280ED1A36A9B69A4
:102C90001E4215D0D0231B061B689B00FB185B68E7
:102CA000DB68002DE9D101204042BFF35F8FD023C4
:102CB000BE221B0652009B5062B680BCB846F0BDD7
:102CC0000020F2E7081501200000000000000000CD
:102CD000F8B54E46DE46574645468146E0B5924633
:102CE0000E009B46002A3ED00023D024BE279846E3
:102CF000202524067F0059464846FFF7A9FF0028F3
:102D000027D153464246981A72B6E359002BFCD09D
:102D1000BFF35F8F4B469A6A2B0091690B400D42BF
:102D200002D009E098421BD0F15C01331160916937
:102D30000D42F7D09844F6184B46DB681B0702D5C6
:102D4000936B2B439363BFF35F8FE45162B6C2452D
:102D5000D1D84046F0BCBB46B246A946A046F8BD15
:102D600080443618EFE700239846F2E700000000A1
:102D7000012310B55B42FFF7ABFF10BD0000000060
:102D800010B5FFF7A5FF10BD000000000000000017
:102D900070B50D00012149420400FFF759FF0028DA
:102DA00000D070BD2022A36A1D6099690A42F8D044
:102DB000E1680907F5D5996B0A439A63F1E7C046C4
:102DC00070B50D0011000400FFF742FF002800D08D
:102DD00070BD2022A36A1D6099690A42F8D0E1689B
:102DE0000907F5D5996B0A439A63F1E700000000E3
:102DF00070B50124704D86B02C60FDF701FD844351
:102E00000CD0EFF30583DB0500D1C4E0BFF35F8F87
:102E1000D023BE221B0652009B5062B602232B60B9
:102E200072B6D024BE2624067600A359002BFCD00F
:102E3000BFF35F8FFDF7E4FCC30708D4EFF305830E
:102E4000DB0500D191E0BFF35F8FA45162B6BFF301
:102E50005F8FD022BE2112064900525062B6032372
:102E60002B60EFF31083DB0705D472B65358002BA9
:102E7000FCD0BFF35F8FEFF31083DB0709D472B68A
:102E8000D021BE22090652008B58002BFCD0BFF384
:102E90005F8FBFF35F8FD022BE21120649005250D0
:102EA00062B604232B6072B65358002BFCD0BFF3DC
:102EB0005F8FEFF31083DB0703D5BFF35F8F5250B3
:102EC00062B6EFF31083DB0707D5BFF35F8FD02324
:102ED000BE221B0652009B5062B605232B600023C6
:102EE000009372B6D021BE22090652008B58002BE7
:102EF000FCD0BFF35F8F009B002B02D06846FFF72A
:102F0000BFF80023012168462C4AFFF771F8BFF390
:102F10005F8FD024BE2624067600A45162B672B616
:102F2000A359002BFCD0BFF35F8F0A210820FFF7C5
:102F30005FFDBFF35F8FA45162B672B6D022BE218F
:102F4000120649005358002BFCD0BFF35F8F009B43
:102F5000BFF35F8F525062B6002B04D00223FF33C1
:102F6000AB80174BAB6006B070BD2268154B92006A
:102F70009B185B681A68DB6892689B689A4201D963
:102F8000FFF7C6F8BFF35F8FD023BE221B065200A7
:102F90009B5062B65BE7D0231B061A68094B920070
:102FA0009B185B681A68DB6892689B689A4200D835
:102FB0002CE7FFF7ADF829E7241501209123002025
:102FC0004CE900200815012000000000000000006E
:102FD000F0B5DE4657464E4645460123E0B5504A19
:102FE00087B0136072B6D021009E019FBE200906F3
:102FF00040000B58002BFCD000960197BFF35F8F69
:10300000484A0B6892469B0053445B6800259C46E7
:10301000454B9B6A9846634646469A6ADB6AB41AF1
:10302000A4185D4163469C62DD62BFF35F8F095067
:1030300062B672B6D0231B069846BE235B00994643
:1030400043464A469B58002BFAD0BFF35F8F0121BD
:103050000820FFF7CDFCBFF35F8F43464A469B50E5
:1030600062B672B6D022BE21120649005358002B18
:10307000FCD0BFF35F8F2C4B98469B6A0593BFF340
:103080005F8F525062B62949D023BE228B460294EC
:1030900003951B06520072B6029C039D99580029A5
:1030A000FCD002940395BFF35F8F19680027890055
:1030B0005144496889464146896A8C464946644676
:1030C000886AC96A261A801979414C460090019194
:1030D000A062E162BFF35F8F9B5062B60198029CD1
:1030E000039D85420FD80AD04446059DA46A641BFF
:1030F0005C450ED80098019902900391CBE70299A4
:1031000000988142F0D90223054AFF339380084B8F
:10311000936007B0F0BCBB46B246A946A046F0BDDE
:103120002415012008150120004005403F420F00F2
:1031300060E9002000000000000000000000000026
:103140000123F0B55D4E87B033605D4B9F6A72B668
:10315000D024BE2224065200A358002BFCD0BFF37B
:103160005F8F2368574D9B00EB185B6864216846AE
:10317000DB68554AFEF73CFF082223689B00ED18E8
:103180006B68D9680A77186802681A605360012270
:103190000277D860FDF738F8009B002B02D0684614
:1031A000FEF76EFFBFF35F8FD024BE2524066D00AF
:1031B000645162B6424A936A643BDB1B142B75D898
:1031C00002233360976A72B66359002BFCD0BFF3B9
:1031D0005F8F3E490820FFF70BFCBFF35F8F645100
:1031E00062B63B49364A8C46936A6344DB1B142B18
:1031F0005CD803233360976A72B6D024BE252406B8
:103200006D006359002BFCD0BFF35F8F2F4908205E
:10321000FFF7EEFBBFF35F8F645162B62C49284A7B
:103220008C46936A6344DB1B142B3FD80423336022
:10323000976A72B6D024BE2524066D006359002B10
:10324000FCD0BFF35F8F23490820FFF7D1FBBFF30A
:103250005F8F645162B62049194A8C46936A634471
:10326000DB1B142B22D805233360946A72B6D0215D
:10327000BE22090652008B58002BFCD06434BFF3E9
:103280005F8F0F4B9B6AE11A9C4202D00820FFF728
:10329000AFFBBFF35F8FD023BE221B0652009B50B3
:1032A00062B6074B9B6A1C1B142C04D90223FF3304
:1032B000B3800A4BB36007B0F0BDC04624150120AF
:1032C000004005400815012041150020A08601009E
:1032D0006079FEFF40420F00C0BDF0FF70E90020A2
:1032E00070B5060072B6D024BE2524066D00635961
:1032F000002BFCD0BFF35F8F22490820FFF778FB3B
:10330000BFF35F8F645162B672B6D021BE22090648
:1033100052008B58002BFCD0BFF35F8F0123726CDF
:103320001343327F73640A2A23D00B2A17D0D02389
:103330001B061A68144B92009B185B681A68DB68BE
:1033400092689B689A4201D9FEF7E2FEBFF35F8F55
:10335000D023BE221B0652009B5062B670BD726B1A
:1033600013409A42E3D1002330007363FFF7D0F893
:10337000DDE7726B1A42DAD0002330007363FFF787
:10338000C7F8D4E750C30000081501200000000072
:1033900070B572B6D024BE2224065200A358002B6A
:1033A000FCD0BFF35F8F24480AF0EAFB2368234E6A
:1033B0009B00F3185B681A68DB6892689B689A4206
:1033C00001D9FEF7A5FEBFF35F8FD024BE252406EA
:1033D0006D00645162B672B66359002BFCD0BFF326
:1033E0005F8F17490820FFF703FBBFF35F8F64511E
:1033F00062B672B6D024BE2224065200A358002B17
:10340000FCD0BFF35F8F0F480AF0BAFB23689B0024
:10341000F61873681A68DB6892689B689A4201D94B
:10342000FEF776FEBFF35F8FD023BE221B0652004D
:103430009B5062B670BDC046C41301200815012020
:1034400050C30000C813012000000000000000006D
:10345000F0B5C646050000B572B6D024BE262406D7
:103460007600A359002BFCD0BFF35F8F0121082009
:10347000FFF7BEFABFF35F8FA45162B672B6D022D7
:10348000BE21120649005358002BFCD0BFF35F8FBA
:103490000C4EB76ABFF35F8F525062B60A4B0024DE
:1034A000984601212800FFF763F9B36A0134DB1B5A
:1034B0004345F6D928000021FFF75AF9200080BCC7
:1034C000B846F0BD004005403F420F00000000003C
:1034D00070B5D0252D062A681F4B92009B185C689A
:1034E0000369E26841639C4213D02A6D92070CD4B1
:1034F0000022027782681B6899689142FBD25A6861
:10350000036042601060586070BD012252426A65DB
:10351000EEE7836891688B4212D900231377136911
:103520001B689D68A942FBD35968136051600A600B
:103530005A60012311000377E060FCF765FEE3E7C2
:10354000002202772468A2689342FBD96368046072
:10355000436018606060D7E7081501200000000094
:10356000F8B5254BCE4699460E234746D024BE25B6
:10357000984680B524066D0072B66359002BFCD0C6
:10358000BFF35F8F23689B004B445B68DE683700A6
:10359000F06B3C37B8421CD00368F3635F600D23C7
:1035A0000377BFF35F8F645162B6476B72B663599E
:1035B000002BFCD0BFF35F8F3900FFF789FFBFF30B
:1035C0005F8F645162B6002FD6D1C0BCB946B046F9
:1035D000F8BD424623689B004B445B68D9680A7774
:1035E000186802681A60536001220277D860FCF7FD
:1035F0000BFEF06BD0E7C04608150120000000006C
:10360000D022F0B557464E464546DE461206E0B596
:1036100015686C4E9446AA00B21805634163506069
:1036200003006948EA0091461258684C90088000EF
:10363000A0460400C020444480008046205883B047
:103640008346FF200094032407001440E400A740B1
:1036500082465846B84383465B48484447685846C4
:10366000BF01A7403C0004434046009F3C501F243C
:1036700001201440A040554C5209A046C02492009D
:1036800042446400105110600C2260460265002D17
:1036900000D087E0C3254046C024AD00425924062F
:1036A0001202120A224342518022120202601A00C0
:1036B00010321A615A610122002052429A61153279
:1036C0001A62434A9860D861926A1B600092002295
:1036D0000192D8325B60009C019D9C62DD629D502E
:1036E0001A008C6888324D68946180245561A44624
:1036F0009460009C019D1C005077C020C034136171
:10370000D56215631C506046009C019DD064314811
:10371000012410621800C427C4309564556494775E
:10372000D8511F0040607069AC37DA60786007607C
:1037300014770A69C9680025D96400980199596607
:10374000996619007031196784211A651C649B649D
:103750005C5061465D50DD675421022518005D52C2
:103760001D49383084779965190074315967996714
:103770001A49243A5A6411610021516118491162B1
:1037800031001A001031D965AC215C321F665A50E5
:103790007261FEF7BDFE03B0F0BCBB46B246A9465F
:1037A000A046F0BD012D00D081E7C4255046074A50
:1037B000AD0054598443C020204350518020400222
:1037C000106074E708150120FC06012000E100E00C
:1037D0000040054084E900208CE9002041080020D9
:1037E000290200200000000000000000000000008E
:1037F0008368020018005168503870B54161022199
:10380000D56801770021417791698361856000293E
:1038100023D0164C1E0001610021183EC1620163D5
:10382000366081644164013181771168C564016249
:103830001900156914395269496009606039C1601D
:103840004A610B4A2C3B0A62220010320D611A6059
:1038500062695A601360636170BDD021090609680E
:10386000024C890061184968D4E7C0460815012058
:1038700029020020000000000000000000000000FD
:10388000F8B5D02641180C0036063568234FAD0038
:10389000503C7D196D686061022020770020A16195
:1038A000A2606077002D34D025610D000020183D06
:1038B000E06220632D60E2640122A277184AA064CE
:1038C00022620A00143A606412605260603AE26058
:1038D0001361069B5361134B136272B6D025BE264B
:1038E0002D067600AB59002BFCD0BFF35F8F3B0059
:1038F0002C3910330B607B6920004B6019607961B3
:103900000021FFF7E5FDBFF35F8FAD5162B62000E8
:10391000F8BD3068800038184568C5E708150120F3
:1039200094E90020290200200000000000000000AF
:10393000012330B51C4CCC212360D0231B061A6810
:103940001A4B92009B185B6883B0DB6849009A6849
:103950000023013200931648164BFFF791FF164BD8
:103960001860022323600AF0F3F9144B1D689D428E
:1039700013D1AB68002B09D1032323600AF0E8F9C7
:103980002B68AB4209D19B68002B04D00223FF3384
:10399000A3800B4BA36003B030BD0223FF33A38091
:1039A000084BA360F7E7C046241501200815012045
:1039B000F0150120514C0020E81D0120C415012004
:1039C000ACE900209CE9002000000000000000009D
:1039D000D0231B061B6870B5194D9B00EB185B6864
:1039E000DC6826006063A06B3836864215D1A37F61
:1039F000002B1CD0D0230F221B061B689B00ED1848
:103A00006B68D9680A77186802681A6053600122E7
:103A10000277D860FCF7F8FB70BD0368A363FEF77C
:103A200077FDA06B8642F8D1A37F002BE2D1E36A39
:103A3000002BDFD1A26A636A13605A60DAE7C046DE
:103A40000815012000000000000000000000000038
:103A500010B572B6D021BE22090652008B58002B39
:103A6000FCD0BFF35F8FFFF7B3FF10BD0000000075
:103A7000F0B5DE4657464E464546D024954A036883
:103A800094469A46E0B543689BB0240601932368A8
:103A9000914A9B0063445B689049DB6883461A62E5
:103AA0005046FDF71DFE50468D49FDF719FE894A27
:103AB000236894469B0063445B68DB685B7F7F2BD5
:103AC00041D802AB02AA9446DC1D5F2363449846AA
:103AD0000AAF50468349FDF703FE5B463E001D6872
:103AE0002B680122210028009B689847002822D0DB
:103AF000217804291BD008293CD07F293AD00D29F0
:103B00004BD01F29ECD94645EAD22B682800DB6848
:103B100098472378012233702B68210028009B6886
:103B200001369847002806D021780429E3D12800DF
:103B30006D49FDF7D5FD69495046FDF7D1FD504669
:103B40006A49FDF7CDFD72B6D021BE2209065200AA
:103B50008B58002BFCD0BFF35F8F65480AF010F83C
:103B60000020FFF735FF1BB0F0BCBB46B246A946AC
:103B7000A046F0BDBE42B3D02B680821DB68280008
:103B800098472B682021DB68280098472B6808217C
:103B90002800DB689847013EA2E728004F49FDF75F
:103BA0009FFD002304A933703800FEF7B1F804A983
:103BB00081460020002505AEFEF7AAF8002809D0AE
:103BC000042D44D001C604A900200135FEF7A0F859
:103BD0000028F5D10C2102AAAB005218D0504B4658
:103BE000002B1DD048464349FCF732FB002835D155
:103BF000002D48D150464049FDF772FD3F4D404AE7
:103C0000404E310050460835FDF76AFD2A68002A0B
:103C1000F7D1019D002D16D150463049FDF760FDCA
:103C2000D0232C4A1B0694461B689B0063445B68A8
:103C3000DB685B7F7F2B00D84BE784E73100504681
:103C4000FDF74EFD08352A68002AF7D1E4E7504613
:103C50002D49FDF745FD00230993E1E74B46274E2B
:103C6000A94627481D0003E0B0680836002810D098
:103C70002900FCF7EDFA0028F6D149465046736852
:103C800005AA9847CCE750461A4A2049FDF728FD77
:103C9000C6E72B00019E4D469946002E10D0306895
:103CA00000280DD0A9461D0003E0B06808360028A2
:103CB00005D02900FCF7CCFA0028F6D1DDE7A946AB
:103CC0004A4650461249FDF70BFD50461149FDF793
:103CD00007FDA5E708150120C8E90020C81201204A
:103CE000D0E90020E4E90020ECE90020F0E9002020
:103CF000DC15012010EA002018EA00209C0E0120AB
:103D0000C0E9002028EA0020F8E90020F0E60020C1
:103D10002CEA002030EA0020000000000000000033
:103D200010B5002910DC72B6D021BE22090652005F
:103D30008B58002BFCD0BFF35F8F064809F020FFA3
:103D40000020FFF745FE10BD034A0449FDF7C8FCFB
:103D5000F9E7C046DC150120C0E90020F0E60020AC
:103D600010B572B6D021BE22090652008B58002B26
:103D7000FCD0BFF35F8FFFF72BFE10BD00000000EB
:103D8000D0221206136870B5040018489B00C318AF
:103D90005B68DD6872B6BE2149005358002BFCD029
:103DA000BFF35F8F237F0F2B12D0A36B2B601368A1
:103DB00009229B00C0184368A563D9680A77186870
:103DC00002681A60536001220277D860FCF71CFA7F
:103DD000656BBFF35F8FD023BE221B0652009B5042
:103DE00062B62000FCF734FD280070BD08150120E4
:103DF000F0B5C646012300B5664C82B0236072B6AA
:103E0000D022BE21120649005358002BFCD0BFF32C
:103E10005F8F1368604D9B00EB185B68D8680723C1
:103E2000466C33434364BFF35F8F525062B6022344
:103E3000236009F06DFE012800D090E009F068FED3
:103E4000022800D08BE009F063FE042800D086E051
:103E500072B6D022BE21120649005358002BFCD066
:103E6000BFF35F8F002613689B00EB185B68DB686D
:103E7000586C5E64BFF35F8F525062B6002800D06A
:103E80007CE00323236072B6D026BE2736067F006F
:103E9000F359002BFCD0BFF35F8F01210820FEF700
:103EA000A7FDBFF35F8FF65162B672B6D022BE2176
:103EB000120649005358002BFCD0BFF35F8F374BDD
:103EC00098469E6ABFF35F8F525062B611681368BE
:103ED0008A00CC21AA1852689B00EB18D2685B6854
:103EE0009268DB68013A009349002D4B2D48FFF79B
:103EF000C7FC04232C4F2360386009F009FE2B4ACD
:103F000043469446FA229B6AD20063449B1B934229
:103F10002ED2012838D172B6D022BE211206490015
:103F20005358002BFCD0BFF35F8F13689B00ED1834
:103F30006B680025DB68586C5D64BFF35F8F52507F
:103F400062B600281AD13C0014343868002802D028
:103F5000FFF716FF3D600437BC42F6D104E00223B0
:103F6000FF33A380124BA36002B080BCB846F0BD03
:103F70000223FF33A3800F4BA360F5E70223FF3337
:103F8000A3800D4BA360EFE70223FF33A3800B4B0D
:103F9000A360E9E724150120081501200040054031
:103FA000E1320020F0150120E81D0120B03CFFFFA8
:103FB00038EA002070E900204CEA002058EA00208E
:103FC000534BF0B546469846D6464F4642460123E7
:103FD000D024CC21C0B52406136023684D4F9B002C
:103FE000FB185B6882B0DB6849009A684A4B013A6B
:103FF00000934A484A4BFFF743FC4A4E306072B682
:10400000BE256D006359002BFCD0BFF35F8F236882
:10401000454A9B00FB185B689146DB685A63136056
:10402000032223689B00FB185B68DB689A462368C1
:104030009B00FB185B68D9680A77186802681A60E9
:10404000536001220277D860FCF7DEF853465B6BC1
:10405000BFF35F8F645162B64A461268002A43D1AB
:104060003500340014350026002B36D12068002896
:1040700002D0FFF785FE26600434A542F6D1022364
:104080004246136072B6D024BE2524066D006359E3
:10409000002BFCD0BFF35F8F4A46244B24499E6A15
:1040A0009A46236803209B00FF187B68DB685A63ED
:1040B0001360FEF79DFCBFF35F8F645162B61D4A2B
:1040C000534694469B6A63449B1B142B18D84B465B
:1040D0001B68002B08D1431C0CD002234246FF333F
:1040E0009380154B936005E002234246FF33938093
:1040F000124B936002B0E0BCBA46B146A846F0BD90
:1041000002234246FF3393800D4B9360F2E7C04693
:1041100024150120081501206CEA0020F01501206B
:1041200021280020E81D0120FC1D01200040054041
:1041300010270000F0D8FFFF7CEA002070EA002082
:1041400070E90020000000000000000000000000F6
:1041500070B5074C0026250014352068002802D0D1
:10416000FFF70EFE26600434AC42F6D170BDC046A7
:10417000E81D012000000000000000000000000019
:1041800070B5074C0026250014352068002802D0A1
:10419000FFF7F6FD26600434AC42F6D170BDC04690
:1041A000E81D0120000000000000000000000000E9
:1041B00070B5074C0026250014352068002802D071
:1041C000FFF7DEFD26600434AC42F6D170BDC04678
:1041D000E81D0120000000000000000000000000B9
:1041E000F0B5C646012300B5614C82B0236072B6BB
:1041F000D022BE21120649005358002BFCD0BFF339
:104200005F8F13685B4D9B00EB185B68D8680523D4
:10421000466C33434364BFF35F8F525062B6022350
:10422000236009F03DFC052800D086E072B6D0225C
:10423000BE21120649005358002BFCD0BFF35F8FFC
:10424000002613689B00EB185B68DB68586C5E64A3
:10425000BFF35F8F525062B6002800D07CE003238A
:10426000236072B6D026BE2736067F00F359002B96
:10427000FCD0BFF35F8F01210820FEF7B9FBBFF32D
:104280005F8FF65162B672B6D022BE211206490087
:104290005358002BFCD0BFF35F8F374B98469E6A74
:1042A000BFF35F8F525062B6116813688A00CC2149
:1042B000AA1852689B00EB18D2685B689268DB68AA
:1042C000013A009349002D4B2D48FFF7D9FA0423FA
:1042D0002C4F2360386009F0E3FB2B4A4346944699
:1042E000FA229B6AD20063449B1B93422ED2012880
:1042F00038D172B6D022BE21120649005358002B85
:10430000FCD0BFF35F8F13689B00ED186B6800252E
:10431000DB68586C5D64BFF35F8F525062B6002853
:104320001AD13C0014343868002802D0FFF728FD69
:104330003D600437A742F6D104E00223FF33A38097
:10434000124BA36002B080BCB846F0BD0223FF331D
:10435000A3800F4BA360F5E70223FF33A3800D4B2F
:10436000A360EFE70223FF33A3800B4BA360E9E7D1
:10437000241501200815012000400540E1320020ED
:10438000F0150120E81D0120B03CFFFF94EA002059
:1043900070E900204CEA002058EA002000000000EC
:1043A000F0B5C646012300B56D4C82B0236072B6ED
:1043B000D022BE21120649005358002BFCD0BFF377
:1043C0005F8F1368674D9B00EB185B68D868052307
:1043D000466C33434364BFF35F8F525062B602238F
:1043E000236009F025FB052800D09EE072B6D0229C
:1043F000BE21120649005358002BFCD0BFF35F8F3B
:10440000002613689B00EB185B68DB68586C5E64E1
:10441000BFF35F8F525062B6002800D094E00323B0
:10442000236072B6D022BE21120649005358002BD9
:10443000FCD0BFF35F8F042013689B00EB185B6810
:10444000DE68736C03437364BFF35F8F525062B6D0
:10445000206072B6D026BE2736067F00F359002BA7
:10446000FCD0BFF35F8F01210820FEF7C1FABFF334
:104470005F8FF65162B672B6D022BE211206490095
:104480005358002BFCD0BFF35F8F374B98469E6A82
:10449000BFF35F8F525062B6116813688A00CC2157
:1044A000AA1852689B00EB18D2685B689268DB68B8
:1044B000013A009349002D4B2D48FFF7E1F9052300
:1044C0002C4F2360386009F0B3FA2B4A43469446D8
:1044D000FA229B6AD20063449B1B93422ED205288A
:1044E00038D172B6D022BE21120649005358002B93
:1044F000FCD0BFF35F8F13689B00ED186B6800253D
:10450000DB68586C5D64BFF35F8F525062B6002861
:104510001AD13C0014343868002802D0FFF730FC70
:104520003D600437A742F6D104E00223FF33A380A5
:10453000124BA36002B080BCB846F0BD0223FF332B
:10454000A3800F4BA360F5E70223FF33A3800D4B3D
:10455000A360EFE70223FF33A3800B4BA360E9E7DF
:10456000241501200815012000400540E1320020FB
:10457000F0150120E81D0120B03CFFFF94EA002067
:1045800070E900204CEA0020ACEA002000000000A6
:104590008D4BF0B557469A46DE464E4645460123BA
:1045A0005246E0B513608DB072B6D022BE2112061D
:1045B00049005358002BFCD0BFF35F8F834813682A
:1045C00081469B004B445B6807AEDB68804F73609D
:1045D0000123B36000233868F360013B07903E601D
:1045E0003361BFF35F8F525062B672B6D022BE21E4
:1045F000120649005358002BFCD0BFF35F8F13689D
:1046000002AD9B004B445B687248DB6880466B6080
:1046100004230068AB60002302904046EB60013B3E
:1046200005602B61BFF35F8F525062B65246033371
:10463000136072B67B33D024FF339B4624065B465F
:10464000E358002BFBD0BFF35F8F01210820FEF75A
:10465000CFF9BFF35F8F5B46E45062B672B6D022EB
:10466000BE21120649005358002BFCD0BFF35F8FC8
:10467000594B9B469B6A1C00BFF35F8F525062B63A
:10468000CC21136849009B004B445B685348DB68AE
:104690009A68534B013A0093524BFFF7F1F8524B93
:1046A0005146186003230B6009F0C2F959468B6A22
:1046B0004E49FA228C4663441B1BD200934268D2B7
:1046C00072B6D022BE21120649005358002BFCD0EE
:1046D000BFF35F8F002413689B004B445B68DB686B
:1046E000586C5C64BFF35F8F525062B614239946D6
:1046F00000233D4C9B46A144002857D12068002848
:1047000003D0FFF73DFB5B46236004344C45F5D1F5
:1047100004235246136072B6D021BE22090652000D
:104720008B58002BFCD0BFF35F8F3B0001E0B342FE
:1047300046D01A001B68BB42F9D1BFF35F8FD0226D
:10474000BE2112064900525062B672B65358002B71
:10475000FCD0BFF35F8F434601E0AB422DD01A007F
:104760001B684345F9D1BFF35F8FD023BE221B06E0
:1047700052009B5062B63B68BB4203D143461B6864
:1047800043450CD002235246FF339380184B93606D
:1047900005E002235246FF339380164B93600DB021
:1047A000F0BCBB46B246A946A046F0BD0223524625
:1047B000FF339380104B9360F1E71B681360D2E7DF
:1047C0001B681360B9E7C0462415012008150120B5
:1047D000C4130120C813012000400540F01501203A
:1047E0006CEA002091330020E81D0120B03CFFFF5F
:1047F000F4E4002070E900204CEA002000000000F2
:10480000014B9B6A83607047004005400000000038
:104810000E4A0F4BD168C2689B6A0132C26082683F
:104820005B1A9B1A30B5016942691C0000256418A7
:1048300055414268046145618360934200D94360F9
:104840000268934200D2036030BDC04608150120C3
:1048500000400540000000000000000000000000D3
:1048600070B5040072B6D022BE211206490053581A
:10487000002BFCD0BFF35F8FA3680020013BA36037
:10488000002B08DBBFF35F8FD023BE221B06520034
:104890009B5062B670BD13680E499B00CB185B68D5
:1048A000DD6863686C636B602C601D6013680522B3
:1048B0009B00C9184B686560D9680A771868026858
:1048C0001A60536001220277D860FBF79DFC686B89
:1048D000D8E7C046081501200000000000000000D5
:1048E00010B504000648FFF7BBFF064B1900DA6855
:1048F00020318A4203D22178501CD860117010BD3B
:10490000C415012024150120000000000000000053
:10491000012330B59E4C89B0236005AB0593069307
:104920000023079372B6D022BE21120649005358C5
:10493000002BFCD0BFF35F8F079B0393002B00DDA0
:10494000D9E0BFF35F8F525062B60223002105A861
:10495000236009F09DF972B6D022BE2112064900EB
:104960005358002BFCD0BFF35F8F079B0393002BA2
:1049700000DDC0E0BFF35F8F525062B60323CC214D
:1049800023601368834D9B00EB185B684900DB686C
:1049900081489A6805AB013A0093804BFEF770FF9F
:1049A0007F4B1860042305A82360FFF759FF72B6F8
:1049B000D022BE21120649005358002BFCD0BFF371
:1049C0005F8F079B0393002B00DD94E0BFF35F8FA5
:1049D000525062B6002800D0B1E00523236072B6C1
:1049E000D021BE22090652008B58002BFCD0BFF309
:1049F0005F8F079B002B00DC92E0D0231B061B6817
:104A00009B00EB185B681A68DB6892689B689A42A7
:104A100001D9FDF77DFBBFF35F8FD022BE211206C7
:104A20004900525062B672B65358002BFCD0BFF307
:104A30005F8F079B0393002B00DC67E0BFF35F8F62
:104A4000525062B672B6D022BE21120649005358A7
:104A5000002BFCD0BFF35F8F079B0393012B00D08B
:104A600073E0BFF35F8F525062B60623236072B6C5
:104A7000D021BE22090652008B58002BFCD0BFF378
:104A80005F8F079B002B00DC73E0D0231B061B68A5
:104A90009B00ED186B681A68DB6892689B689A4205
:104AA00001D9FDF735FBBFF35F8FD022BE2112067F
:104AB0004900525062B672B65358002BFCD0BFF377
:104AC0005F8F079B0393002B49DDBFF35F8F52502D
:104AD00062B672B6D022BE21120649005358002B8E
:104AE000FCD0BFF35F8F079B012B2ED1BFF35F8FED
:104AF000525062B608E00223FF33A380294BA36023
:104B0000BFF35F8F525062B609B030BD0223FF334E
:104B1000A380254BA360BFF35F8F525062B6F3E7CB
:104B200001330793012B00D167E7059805AA0368B5
:104B30005A60059300234363FDF7EAFC5DE7022317
:104B4000FF33A380194BA360DEE70223FF33A3806A
:104B5000174BA360BFF35F8F525062B6D4E70223B6
:104B6000FF33A380134BA360BFF35F8F525062B635
:104B7000CAE701330793012B00D186E7059805AA00
:104B800003685A60059300234363FDF7C1FC7CE78B
:104B90002415012008150120F0150120812900208D
:104BA000E81D0120C0EA0020E0EA0020CCEA002055
:104BB000ECEA0020C4EA0020000000000000000031
:104BC00070B5D024240623680A4D9B00EB185B685F
:104BD000DB685B7F7F2B0BD8074E3000FFF740FE72
:104BE00023689B00EB185B68DB685B7F7F2BF4D945
:104BF00070BDC04608150120D0150120000000003E
:104C000010B572B6D021BE22090652008B58002B77
:104C1000FCD0BFF35F8F836801338360002B08DD16
:104C2000BFF35F8FD023BE221B0652009B5062B69B
:104C300010BD036800211A68026050601800FEF77A
:104C400047FCEDE70000000000000000000000004D
:104C500010B5044C2000FFF703FE2000FFF7D0FF43
:104C600010BDC046C4150120000000000000000077
:104C7000012370B52A4D2B4C28002360FFF7F0FD6F
:104C800072B6D022BE21120649005358002BFCD028
:104C9000BFF35F8FAB68002B33D1BFF35F8F5250F0
:104CA00062B60223002836D128002360FFF7A8FF50
:104CB00072B6D022BE21120649005358002BFCD0F8
:104CC000BFF35F8FAB68012B1BD1BFF35F8F5250D7
:104CD00062B6032302212800236008F0D9FF72B6D0
:104CE000D022BE21120649005358002BFCD0BFF33E
:104CF0005F8FAB68022B04D1BFF35F8F525062B657
:104D000008E00223FF33A380074BA360BFF35F8F4C
:104D1000525062B670BDFF33A380044BA360F9E725
:104D2000C41501202415012000EB00207CEA00209E
:104D3000D0231B061B6870B5384E9B00F318040087
:104D40005B688068DD68002834D0AB6882689A426E
:104D500007D28360037F062B46D0072B2FD0002B72
:104D600021D0230003E09A68A9688A4202D31B6815
:104D70009C42F8D15A682B606A6015605D60D02350
:104D800006226C631B061B689B00F6187368D968C3
:104D90000A77186802681A60536001220277D860A7
:104DA000FBF732FA70BD4268036813605A60FDF782
:104DB000AFFBD6E7AB6CA560E360AC64F2E7426B97
:104DC000036841680B605960130004E099688C46E1
:104DD00081688C4502D31B689A42F7D15A680360F8
:104DE000426010605860BCE7426B036841680B602A
:104DF0005960130004E099688C4681688C4502D3A1
:104E00001B689A42F7D15968036041600860586096
:104E10009068AB6882689A429BD3A2E7081501208C
:104E200070B586B072B6D024BE2224065200A358B4
:104E3000002BFCD0BFF35F8F2368254D9B00EB1840
:104E40005B686846DB68234A2349FDF7D1F80822EE
:104E500023689B00EB185B68D9680A7718680268BA
:104E60001A60536001220277D860FBF7CDF9009BEE
:104E7000002B02D06846FDF703F9BFF35F8FD02403
:104E8000BE2224065200A45062B672B6A358002B6C
:104E9000FCD0BFF35F8F114E3000FFF749FF3000A9
:104EA000FDF736FC23689B00ED186B681A68DB6819
:104EB00092689B689A4201D9FDF72AF9BFF35F8F88
:104EC000D023BE221B0652009B5062B606B070BDB6
:104ED0000815012041150020F0490200DC130120D3
:104EE000D0221206136870B5224C9B00E3185B6851
:104EF0000100DD6872B6BE2040001358002BFCD0C4
:104F0000BFF35F8FCB680A68AB648A422ED0E86C2F
:104F1000002B09D01A68934203D09268904200D2C5
:104F20001000DB68002BF5D1A860086803680B60EF
:104F30005960836C8860CB608164FDF7E9FAD02307
:104F40001B061B689B00E41863681A68DB6892689C
:104F50009B689A4201D9FDF7DBF8BFF35F8FD0233E
:104F6000BE221B0652009B5062B670BD00238B60B0
:104F7000F3E7C04608150120000000000000000013
:104F8000F0B5C646070000B5002943DC72B6D02450
:104F9000BE2524066D006359002BFCD0BFF35F8F44
:104FA0001F4B180014309846FFF7C2FEBFF35F8F07
:104FB000645162B64346DB68002600240025002BBE
:104FC0000AD05968013564188E4200D20E001B6861
:104FD000002BF6D1E400F60040461430FFF780FFC6
:104FE000104B11495A681B683800D21AFCF778FB3D
:104FF0002A000E493800FCF773FB22000C493800E8
:10500000FCF76EFB320038000A49FCF769FB80BCF4
:10501000B846F0BD084A0949FCF762FBF7E7C0460D
:105020004C1501200015012018EB002038EB002062
:1050300050EB002070EB002014EB0020F0E6002085
:10504000F8B5060072B6D024BE2524066D0063595B
:10505000002BFCD0BFF35F8F0A4F3800FFF768FECC
:10506000BFF35F8F645162B6074B1900DA682031D5
:105070008A4203D23178501CD86011703800FFF793
:105080002FFFF8BDCC1301202415012000000000E3
:1050900070B586B072B6D024BE2224065200A35842
:1050A000002BFCD0BFF35F8F23681D4D9B00EB18D6
:1050B0005B686846DB681B4A1B49FCF799FF0822BE
:1050C00023689B00ED186B68D9680A771868026836
:1050D0001A60536001220277D860FBF795F8009BB5
:1050E000002B02D06846FCF7CBFFBFF35F8FD024C4
:1050F000BE2524066D00645162B672B66359002B5A
:10510000FCD0BFF35F8F094E3000FFF711FEBFF3F5
:105110005F8F645162B63000FFF7E2FE06B070BDEB
:10512000081501204115002050C30000CC130120B8
:10513000F0B5C646804600B572B6D024BE27240618
:105140007F00E359002BFCD0BFF35F8F2E4E300061
:10515000FFF7EEFDBFF35F8FE45162B672B6D02267
:10516000BE21120649005358002BFCD0BFF35F8FBD
:105170001368264F9B00FB185B68DC6813689B0074
:10518000FB185B68DB689D6C2800FDF7C1FA204ABC
:105190001300626303E09968A068814202D31B6830
:1051A0009342F8D15A682360626014605C60D02436
:1051B0000722240623689B00FF187B68D9680A77BA
:1051C000186802681A60536001220277D860FBF702
:1051D0001BF82800FFF7ACFDBFF35F8FBE235B0019
:1051E000E45062B60B4B1900DA6820318A4204D2CF
:1051F00041460978501CD86011703000FFF770FEEE
:1052000080BCB846F0BDC046CC1301200815012073
:10521000BC13012024150120000000000000000044
:10522000F8B5CE464746814680B572B6D024BE2733
:1052300024067F00E359002BFCD0BFF35F8F3F4E65
:105240003000FFF775FDBFF35F8FE45162B672B6B1
:10525000D024BE2524066D006359002BFCD0BFF37B
:105260005F8F374F3800FFF763FDBFF35F8F6451E7
:1052700062B672B6D022BE21120649005358002BE6
:10528000FCD0BFF35F8F2F49136888469B004344CF
:105290005B68DC6813689B0043445B68DB689D6C5B
:1052A0002800FDF735FA284A1300626303E0996885
:1052B000A068814202D31B689342F8D15A682360E8
:1052C00062601460D02212065C6013689B00434445
:1052D0005B68DC68136807229B0043445B68D968FD
:1052E0000A77186802681A60536001220277D86052
:1052F000FAF78AFF636B013302D02800FFF718FD2D
:10530000BFF35F8FD023BE221B0652009B5062B6B4
:105310000E4B1900DA6820318A4204D249460978D6
:10532000501CD86011703800FFF7DAFD3000FFF72D
:10533000D7FDC0BCB946B046F8BDC046DC1301205D
:10534000CC13012008150120BC13012024150120D5
:10535000F8B5060072B6D024BE2524066D00635948
:10536000002BFCD0BFF35F8F0A4F3800FFF7E0FC43
:10537000BFF35F8F645162B6074B1900DA682031C2
:105380008A4203D23178501CD86011703800FFF780
:10539000A7FDF8BDDC13012024150120000000004A
:1053A000F0B5DE4657464E464546E0B5D027694A39
:1053B0003F0694463B68684C9B0063445B68CC2185
:1053C000DB6883B09D6849006B1C9846AB1C9A460D
:1053D00002232360614B42469946614B4846009345
:1053E000604BFEF74DFA604ECC21306048465F4B73
:1053F0009930009352465E4B4900FF30FEF740FA69
:1054000003237060236072B6BE267600BB59002B62
:10541000FCD0BFF35F8F574B18009B46FFF788FC0B
:10542000BFF35F8FBF5162B64A4A3B6894469B0008
:1054300063445B68DB689B68AB4200D07EE004237A
:10544000236072B67933D027FF3399463F064B4627
:10545000FB58002BFBD0BFF35F8F47490820FDF7B7
:10546000C7FABFF35F8F4B46FF5062B6394A3B68BD
:1054700094469B0063445B68DB689B6898455DD1FC
:105480000523236072B67833D027FF3399463F0651
:105490004B46FB58002BFBD0BFF35F8F3748FFF71D
:1054A00047FCBFF35F8F4B46FF5062B6294A3B680B
:1054B00094469B0063445B68DB689B6898453DD1DC
:1054C0000623236072B67733D027FF3399463F0611
:1054D0004B46FB58002BFBD0BFF35F8F26490820BB
:1054E000FDF786FABFF35F8F4B46FF5062B6194A4D
:1054F0003B6894469B0063445B68DB689B689A4505
:105500001CD107231D482360FFF7EAFC114A3B68C2
:1055100094469B0063445B68DB689B6898450DD1AB
:10552000082358462360FFF7DBFC3B68094A9B00D1
:10553000D6187368DB689B689D4204D00223FF3352
:10554000A3800F4BA36003B0F0BCBB46B246A94694
:10555000A046F0BD0815012024150120F0150120FA
:105560006CEA002091500020E81D012090EB002003
:10557000214E0020CC130120A0860100DC13012065
:1055800094EB00200000000000000000000000007C
:10559000F8B5D0254746CE462D062B68554E9B00C4
:1055A000F3185B6880B5DB68534C9F680223236067
:1055B00008F00EFB002851D00323236008F008FBFD
:1055C000002854D1042323604C4B98461800FFF761
:1055D00087FC43469B68002B4FD143461B684345DD
:1055E00051D1052323602B689B00F3185B68DB68AF
:1055F0009B689F4200D076E00623236008F0E8FA1B
:1056000000282BD008F0E4FA002830D172B6BE2270
:105610005200AB58002BFCD0BFF35F8F00222B68E9
:1056200091469B00F3185B68DD68AB6C002B0CD1D6
:105630003FE002681A605360826C9860DA608364AD
:10564000FCF766FFAB6C002B23D0DA681868AA64FD
:105650008342EED1494699601300F4E70223FF33F9
:10566000A380274BA360C0BCB946B046F8BD022357
:10567000FF33A380234BA360F5E70223FF33A3800E
:10568000214BA360EFE70223FF33A3801F4BA360EE
:10569000E9E7EB6CAB60D0231B061B689B00F3189B
:1056A0005B681A68DB6892689B689A4201D9FCF7CC
:1056B0002FFDBFF35F8FD023BE221B0652009B50ED
:1056C00062B642469268002AD7D1424612684245E5
:1056D000D9D1072222601B689B00F6187368DB682B
:1056E0009B689F42BFD00223FF33A380084BA36077
:1056F000B9E7C0460815012024150120CC1301206C
:10570000ACEB0020BCEB0020C8EB00209CE90020A3
:1057100094EB0020000000000000000000000000EA
:10572000F8B5CE464746040080B58946150072B6E6
:10573000D021BE22090652008B58002BFCD0BFF3AB
:105740005F8F1823D02798462D4EA0443F060BE0CC
:1057500042461A60E26929005A6004201360E3613E
:10576000FDF746F9002812D1237D002B1BD161687B
:10577000206822690B1A9B10934217D13B689B004B
:10578000F3185B68DB68002DE2D101204042BFF3D3
:105790005F8FD023BE221B0652009B5062B6C0BC56
:1057A000B946B046F8BD02204042F0E74E46A56833
:1057B0002B1DA3602E60994200D8A0602300206AB0
:1057C000013220332261834206D002682262536094
:1057D00000234363FCF79CFED0231B061A68084B8A
:1057E00092009B185B681A68DB6892689B689A4213
:1057F00003D9FCF78DFC0020C9E70020C7E7C046AD
:10580000081501200000000000000000000000005A
:10581000F8B5CE464746040080B58946150072B6F5
:10582000D021BE22090652008B58002BFCD0BFF3BA
:105830005F8FD02326001B0698462A4F203613E0A0
:105840002369002B21D143461B68626A9B00FB1829
:105850005B682900DB6804201E605A601360636285
:10586000FDF7C6F8002804D1237D002BE8D00220E4
:105870004042BFF35F8FD023BE221B0652009B50D5
:1058800062B6C0BCB946B046F8BD4846E1680A1DDC
:105890000968E260016061688A4201D32268E260BF
:1058A000013B23612300A0691833834206D00268BC
:1058B000A261536000234363FCF72AFED0231B063A
:1058C0001A68084B92009B185B681A68DB6892683C
:1058D0009B689A4203D9FCF71BFC0020C9E7002013
:1058E000C7E7C046081501200000000000000000C6
:1058F0000123F0B54224594E594D83B03360012243
:10590000210028005242FFF70BFF00283ED101344E
:10591000462CF4D102230122582128003360FFF7DE
:10592000FFFE431C32D172B6D022BE2112064900BE
:105930005358002BFCD0BFF35F8F2B7D002B00D082
:1059400086E06C682F682B69E01B8010984224D099
:105950005820A9680A1DAA600860944200D8AF6068
:1059600001332B612B00286A2033984206D002684D
:105970002A62536000234363FCF7CAFDBFF35F8FC5
:10598000D023BE221B0652009B5062B60223FF3377
:10599000B380344BB36003B0F0BDBFF35F8F5250A0
:1059A00062B60121582007F0B3FE431CEED172B657
:1059B000D024BE2724067F00E359002BFCD0BFF380
:1059C0005F8F582007F074FEBFF35F8FE45162B61B
:1059D000431CDBD10323336072B6D024BE222406DD
:1059E0005200A358002BFCD0BFF35F8F07F000FFDD
:1059F00022681D4B92009B185B681A68DB689268EE
:105A00009B689A4201D9FCF783FBBFF35F8FD024D8
:105A1000BE2724067F00E45162B6002301222B75C5
:105A20002800043301A93360FFF7F2FE431CADD117
:105A300072B6E359002BFCD0BFF35F8F01A807F0CB
:105A400007FEBFF35F8FE45162B6431CA3D09DE70E
:105A5000BFF35F8F525062B698E7C046241501200D
:105A6000EC130120D4EB00200815012000000000F9
:105A7000F0B54646D6464F4605008846C0B50028D4
:105A800067D04346DC1DE3089A4614239946A9448F
:105A900072B6D026BE24360664003359002BFCD0E3
:105AA000BFF35F8F4846FFF743F9BFF35F8F36516F
:105AB00062B62F00EA680C37002A18D007239C46EC
:105AC00000E01A00100063460F309843010054684C
:105AD0000839631CDB00D3188B4204D90600181A5E
:105AE000C01050451BD213681700002BE9D148465F
:105AF000FFF7F6F92B68002B40D052460821D00062
:105B000008229847061E04D003004246083B1D6049
:105B10005A603000E0BCBA46B146A846F0BD8A42A1
:105B200019D354452CD0544601341168E40014199B
:105B300021602100160008315B1A1100DB10636040
:105B400008363C60434648464B600D60FFF7C8F995
:105B5000DFE70E4D95E713000833CB1ADB105360D7
:105B60005045EFD954465346E4430133DB00CB188C
:105B700020185860106818601360E3E70026C8E733
:105B80001600136811003B600836DBE74C15012056
:105B9000F0B5170089B008220D001E00FFF768FF5E
:105BA000041E23D00E9B441905930F9B0197069367
:105BB0000023029003940496079372B6D025BE2664
:105BC0002D067600AB59002BFCD0BFF35F8F01A8E8
:105BD000FDF70EFE074B0021C362002303630400A0
:105BE000FDF776FCBFF35F8FAD5162B6200009B0C0
:105BF000F0BDC046515D0020000000000000000024
:105C000010B5040082B0012928D110680378722BE6
:105C10001CD01849FAF71CFB00281FD11649D023C5
:105C20001B061A68154B92009B185B680020DB6806
:105C3000134A9B680091B62101948900FFF7A8FFE1
:105C4000002811D0FEF79CF802B010BD4378742BE9
:105C5000DFD18378002BDCD10A49E0E720000A4A33
:105C60000A49FBF73DFDEFE720000949FBF738FD46
:105C7000EAE7C046F4EB0020911D00200815012042
:105C8000D4030120711D0020ECEB0020F0E6002081
:105C9000FCEB0020000000000000000000000000FD
:105CA000F0B5C6460838436800B50733DB084360E3
:105CB000142302689846150004000C35904472B60F
:105CC000D026BE2736067F00F359002BFCD0BFF349
:105CD0005F8F4046FFF72CF8BFF35F8FF65162B637
:105CE0002B001A689D4201D0A34203D2002A03D0A0
:105CF000944201D31300F4E7226062681C60013211
:105D0000D1002068611888420BD059684A1CD20023
:105D10009A18944211D04046FFF7E2F880BCB8468A
:105D2000F0BD41688C466244626059680268226036
:105D30004A1CD2009A189442EDD16268013251187F
:105D4000226859601A60E6E70000000000000000C9
:105D500010B54069FFF7A4FF10BDC0460000000069
:105D6000F8B5CE46474605008946904680B50028DE
:105D700033D02F00143772B6D024BE262406760006
:105D8000A359002BFCD0BFF35F8F3800FEF7D0FF84
:105D9000BFF35F8FA45162B6EB6800220024002598
:105DA000002B08D0586801352418824200D2020026
:105DB0001B68002BF6D14B46002B01D0E4001C6081
:105DC0004346002B01D0D2001A603800FFF788F854
:105DD0002800C0BCB946B046F8BD014DC9E7C04671
:105DE0004C15012000000000000000000000000031
:105DF00010B5040072B6D021BE22090652008B589D
:105E0000002BFCD0BFF35F8F206800280AD0036806
:105E10002360BFF35F8FD023BE221B0652009B502E
:105E200062B610BDE368002BF3D0A16860689847A4
:105E3000EFE7C04600000000000000000000000086
:105E400070B5050072B6D022BE2412066400135944
:105E5000002BFCD0BFF35F8FA868431EAB60002B04
:105E60000DDBE86800281FD00368EB60BFF35F8F8D
:105E7000D023BE221B0652009B5062B670BD002983
:105E800019D012680D4B92009B185B686A68DB683A
:105E900005205D631D605A6013606B60FCF7A8FD10
:105EA0000028DED00020E1E7AB69002BFAD0696959
:105EB00028699847DAE7A8600020D7E7081501208D
:105EC0000EB400B584B005AB04CB02A9019301ABBD
:105ED00002920393FCF74CFC04B008BC03B01847D3
:105EE000F0B5C6460C6805000E001700984600B5D0
:105EF000A14203D110E02468A6420DD02000082260
:105F00002900083008F052FA0028F4D1002C03D000
:105F1000002080BCB846F0BD424639000020FFF7A3
:105F2000A7FD0028F4D0010000230831EA5CCA5420
:105F3000002A02D00133082BF8D1012343603368D3
:105F400003603060E5E7C04600000000000000008C
:105F5000EFF30983203383F30988BFF35F8FD023E6
:105F6000BE221B0652009B5062B670470000000024
:105F7000D0230C221B0610B51A651A6D7046D20785
:105F800004D501219A6D1A6D1142FBD140BF0F302B
:105F900001D0FAF725FD10BD000000000000000050
:105FA000D0230C221B0610B5704601211A6502E0B1
:105FB0009A6D023208D01A6D1142F9D140BF0F30EC
:105FC00001D0FAF70DFD10BD72B61A68034B9200AE
:105FD0009B185A68D8230249D150FEE708150120C2
:105FE0000CEC002000000000000000000000000099
:105FF000BFF35F8FD023BE221B0652009B50704719
:106000000023002805D10222034BFF329A809960B9
:10601000012318007047C04624150120000000002D
:10602000F0B55746DE464E4645460123E0B56D4F76
:1060300087B03B6072B6D025BE262D067600AB59E0
:10604000002BFCD0BFF35F8F674C20002030FEF7A1
:106050006FFEBFF35F8FAD5162B62368A360E3604C
:10606000002323610133237572B6D021BE220906B5
:1060700052008B58002BFCD0BFF35F8FA069002823
:1060800005D00023A361023B4363FCF741FAE069BA
:10609000002805D00023E361023B4363FCF738FA94
:1060A000D0231B061A68514B92009B185B681A6834
:1060B000DB6892689B689A4201D9FCF729F8BFF324
:1060C0005F8FD023BE221B0652009B5062B6200079
:1060D0002030FEF705FFE368226893420BD00223CD
:1060E000FF33BB80424BBB6007B0F0BCBB46B2463F
:1060F000A946A046F0BDA2689342F0D12369002BC7
:10610000EDD102233B60237D002B3ED02369002B81
:10611000E5D103233B60237D002B49D023689342C4
:10612000DDD100231020237505333B6007F0A0F973
:10613000102851D1E36822689342D0D1A2689342DB
:10614000CDD12369102BCAD106233B60237D002BC0
:1061500042D1102102A807F0E3F810283CD1E368EF
:1061600022689342BBD1A2689342B8D12369984672
:10617000002BB4D1029A1F4B01929A4242D00223C3
:10618000FF33BB801C4BBB60AEE7102007F070F9FB
:10619000002805D00223FF33BB80184BBB60A3E768
:1061A000E368226893429AD1A268934297D1ADE7FF
:1061B000102102A807F0B4F80028EBD1E3682268A8
:1061C000934200D08BE7A268934200D087E723690F
:1061D000002B00D083E7A4E70223FF33BB80084BEA
:1061E000BB6081E72415012014140120081501204B
:1061F00048EC00203031323334EC00201CEC00201D
:1062000028EC0020039AB14B01929A42B7D1049A2C
:10621000AF4B01929A42B2D1059AAE4B01929A428B
:10622000ADD100239B4607333B60237D5B45D3D133
:10623000042007F01DF90428CED1E368A268934238
:1062400000D14CE72268934200D048E72369042B31
:1062500000D044E708233B60237D002BBCD10C20F9
:1062600007F006F90C28B7D1E368226800209342B2
:1062700000D122E1984E3100FFF7C2FE002800D085
:1062800032E709233B60237D002B03D1042102A8C0
:1062900007F046F8043843425841904DC0B22900F7
:1062A000FFF7AEFE002800D01EE72268E1689142A9
:1062B00003D0A3689A4200D1FAE03100FFF7A0FEB4
:1062C000002800D010E7864B02A9180004229A4645
:1062D00007F042FF834B9946434258414946C0B2BA
:1062E000FFF78EFE002800D0FEE60A233B60237DE8
:1062F000002B03D10C2102A807F012F80C384342FE
:1063000058412900C0B2FFF77BFE002800D0EBE621
:10631000E3682268934200D1C2E03100FFF770FECB
:10632000002800D0E0E602A90C22504607F014FF36
:10633000434258414946C0B2FFF762FE002800D0F0
:10634000D2E60B233B60237D002B02D1053007F002
:106350008FF80538434258412900C0B2FFF750FE7C
:10636000002800D0C0E6E268A1688A4203D0236812
:106370009A4200D18FE03100FFF742FE002800D0A2
:10638000B2E60C233B60237D002B03D1052102A83C
:1063900006F0C6FF0538434258412900C0B2FFF756
:1063A0002FFE002800D09FE6E368A26893426BD0DE
:1063B0003100FFF725FE002800D095E602A905224E
:1063C000504607F0C9FE434258414946C0B2FFF764
:1063D00017FE002800D087E60D233B60237D002BAD
:1063E00002D1103007F044F81038434258412900D8
:1063F000C0B2FFF705FE002800D075E6E368A2688A
:10640000934231D03100FFF7FBFD002800D06BE64E
:106410000E233B60237D002B04D1102102A806F03F
:106420007FFF804640461038434258412900C0B2A1
:10643000FFF7E6FD002800D056E6E368A268934225
:106440001AD058463100FFF7DBFD002800D04BE69C
:1064500002A91022504607F07FFE434258414946A8
:10646000C0B2FFF7CDFD3FE622689342CAD0206953
:10647000103843425841C5E722689342E1D0206971
:10648000424242419346DCE72268934290D023691E
:10649000584258418CE72369581F434258416AE7E4
:1064A000A268934200D038E723695842584134E744
:1064B00020690C3843425841FFE6A268934200D05D
:1064C000D8E62069103843425841D3E63435363790
:1064D000383941424344454648EC002028EC00202E
:1064E0007C09012034EC00200000000000000000C6
:1064F000F0B50E4F3B00FE68103305E015782278AA
:106500000130013395420BD104001A009E42F5D8A8
:106510000378002B04D13B0010330020FB6004E023
:1065200002230120FF33BB80B960F0BD2415012098
:10653000B94BF0B557469A46DE464E4645460123CE
:106540005246E0B5D0271360B44ACC2190463F06AE
:106550003B68B34E9B00F3185B68B24DDB6883B0B9
:106560009A68B14B2800053A009349004346FDF76D
:1065700087F9AE4CCC21206028003B6899309B0005
:10658000F3185B684900DB68FF309A68A84B043A4F
:1065900000934346FDF774F93B68CC219B00F31848
:1065A0005B686060DB6849009A68CC239B00E81850
:1065B000A04B033A00934346FDF762F93B68CC21B8
:1065C0009B00F3185B68A060DB6849009A68992318
:1065D000DB00E818984B023A00934346FDF750F968
:1065E0003B68CC219B00F3185B68E060DB684900E6
:1065F0009A68CC23DB00E818904B013A009343469D
:10660000FDF73EF900232700A14625009B462061A7
:1066100014372868002803D0FDF7B2FB5B462B60D7
:106620000435BD42F5D186498648FFF761FF002851
:1066300006D003B0F0BCBB46B246A946A046F0BDAA
:10664000022352461360D023CC211B069B461B68B5
:106650007D4D9B00F3185B682800DB6849009A6851
:10666000764B013A00934346FDF70AF95B462061F9
:106670002800CC211B6899389B00F3185B684900FF
:10668000DB68FF389A686C4B023A00934346FDF78B
:10669000F7F85B46CC211B68E0609B00F3185B6851
:1066A0004900DB689A68694B033AE818614B00932C
:1066B0004346FDF7E5F85B46CC211B68A0609B00D4
:1066C000F3185B684900DB689A68614B043AE81884
:1066D000574B00934346FDF7D3F85B46CC211B682C
:1066E00060609B00F3185B684900DB689A68594B4F
:1066F000053AE8184C4B250000934346FDF7C0F8D7
:10670000002320609B46002803D0FDF739FB5B4641
:106710002B600435BD4205D028680028F5D104352A
:10672000BD42F9D146494748FFF7E2FE002800D0B4
:106730007FE7524603231360D023CC211B069A46E1
:106740001B68454D9B00F3185B682800DB68490017
:106750009A68374B043A00934346FDF791F8534645
:1067600060602800CC211B6899389B00F3185B6897
:106770004900DB68FF389A682B4B053A0093434683
:10678000FDF77EF853461B68CC219B00F3185B682D
:106790002060DB6849009A689923DB00E818274BE2
:1067A000013A00934346FDF76BF853461B68CC2132
:1067B0009B00F3185B682061DB6849009A68CC2372
:1067C0009B00E8181C4B023A00934346FDF758F82B
:1067D0005346E0602800CC211B6899309B00F618D6
:1067E0007368FF30DB6849009A68124B033A0093E4
:1067F0004346FDF745F84D46A06000242868002870
:1068000002D0FDF7BDFA2C600435BD42F6D10C492B
:106810000C48FFF76DFE0CE724150120810C0020C9
:1068200008150120F015012078EC0020E81D01205A
:10683000880601205CEC002090EB00206CEA002030
:1068400060EC002074EC0020501C0120D0FCFFFF05
:1068500038FBFFFFA0F9FFFF8817012000000000B0
:106860004A4BF0B5CE469946474601234A4680B585
:106870001360D023CC211B0698461B68444E9B0016
:10688000F3185B68434DDB68434F9A68434B83B012
:1068900028000532009349003B00FCF7F1FF434616
:1068A0003F4CCC21206028001B6899309B00F318D6
:1068B0005B684900DB68FF309A683A4B013200930D
:1068C0003B00FCF7DDFF43461B68CC219B00F3181F
:1068D0005B686060DB6849009A68CC239B00E8181D
:1068E000314B033200933B00FCF7CAFF43461B6861
:1068F000CC219B00F3185B68A060DB6849009A68B4
:106900009923DB00E818294B043200933B00FCF785
:10691000B7FF43461B68CC219B00F6187368E06004
:10692000DB6849009A68CC23DB00E818204B023270
:1069300000933B00FCF7A4FF02234A461D4D206153
:1069400028001360FEF75CF92800FEF759F92800CB
:10695000FEF756F92800FEF753F928002500FEF748
:106960004FF9002614352068002802D0FDF708FAF8
:1069700026600434AC42F6D10F491048FFF7B8FD49
:1069800003B0C0BCB946B046F0BDC04624150120D6
:1069900008150120F0150120E14800206CEA0020D4
:1069A000E81D012090EB00205CEC0020880601200F
:1069B00078EC0020C415012060EC002074EC00206D
:1069C000F0B5D6464F4646460123C0B5654C88B063
:1069D0000020236007F024F9431C00D0B6E0624E8B
:1069E0003368B34200D0A6E0B168002900D0B3E01C
:1069F00002232360D0235D4A1B0690461B685C4837
:106A00009B0043445B68DB689A680091CC21594B3A
:106A1000013A4900FCF734FF574D2860574807F00A
:106A2000FFF800232F0081469A4614372868002873
:106A300003D0FDF7A5F953462B600435AF42F5D1DD
:106A40004B46002B00D081E03368B34273D1B3686A
:106A5000002B00D080E00333236072B6D025BE2225
:106A60002D065200AB58002BFCD0BFF35F8F2B6874
:106A700001219B0043445B68414ADB6802A8FBF7A5
:106A8000B7FA08222B689B0043445B68D9680A77F1
:106A9000186802681A60536001220277D860F9F71B
:106AA000B3FB029B002B02D002A8FBF7E9FABFF36D
:106AB0005F8FD022BE2112064900525062B672B6D4
:106AC0005358002BFCD0BFF35F8F2E4B9B6A984628
:106AD000BFF35F8F525062B6270041252037E3682D
:106AE000BB4202D25A1CE2601D70274807F098F89A
:106AF000431C2BD13368B3421DD1B368002B2BD17B
:106B00000135EDB2462DEAD120492148FFF7F0FCCE
:106B1000002815D11F4A1B4B944642469B6A63448A
:106B20009F1AFA23DB009F420AD30223FF33A3807C
:106B3000194BA36004E00223FF33A380174BA3602B
:106B400008B0E0BCBA46B146A846F0BD0223FF3308
:106B5000A380134BA360F3E70223FF33A380114B01
:106B6000A360EDE724150120C415012008150120BC
:106B7000F0150120A1280020E81D012020A1070018
:106B8000411500200040054050C3000060EC00208B
:106B900074EC0020702FFCFF70E900209CE90020BD
:106BA000D4EB0020ACE90020000000000000000051
:106BB000F0B5DE464E46454657460123E0B5D025A2
:106BC000414ACC219146414E2D0633602B6883B05B
:106BD0009B004B445B684900DB683D489A683D4B2D
:106BE000013200939B463C4BFCF74AFE02233B4C90
:106BF0003360206072B6BE225200AB58002BFCD02E
:106C0000BFF35F8F002302279A46354D02E0012F24
:106C10000FD00127AB680133AB60002BF7DC28688D
:106C200003682B605D60FBF773FC53464363012FE1
:106C3000EFD1D0231B061B689B004B445B681A688E
:106C4000DB6892689B689A4201D9FBF761FABFF34F
:106C50005F8FD023BE221B0652009B5062B61423C6
:106C6000984600239946A0442068002803D0FDF7E9
:106C700087F84B4623600434A045F5D172B6D02284
:106C8000BE21120649005358002BFCD0BFF35F8F82
:106C9000AB68012B0ED1BFF35F8F525062B6114922
:106CA0005846FFF725FC03B0F0BCBB46B246A946E8
:106CB000A046F0BD0223FF33B3800B4BB360BFF39C
:106CC0005F8F525062B6EEE70815012024150120AF
:106CD000F01501206CEA0020E1480020E81D0120A9
:106CE000C415012060EC00207CEC002000000000B6
:106CF000F0B5D024474AD6469246240623684F462C
:106D00009B00464653445B68C0B5DB68424F9D68B4
:106D1000022382B03B6072B6BE267600A359002BD8
:106D2000FCD0BFF35F8F3D4B18009946FEF700F88B
:106D3000BFF35F8FA45162B603233B60384BCC2175
:106D40009846384E384B40466A1C00934900330041
:106D5000FCF796FD354CCC2120604046344B9930F1
:106D6000AA1C009349003300FF30FCF789FD6060E6
:106D7000CC20CC212F4B8000EA1C404400934900DA
:106D80003300FCF77DFDA0609920CC212A4BC00088
:106D90002A1D4044009349003300FCF771FDE06078
:106DA000CC20CC21254BC0006A1D404400934900F3
:106DB0003300FCF765FD0423206148463B60FEF785
:106DC0008FF81423984600239946A0442068002891
:106DD00003D0FCF7D5FF4B46236004344445F5D17E
:106DE000D0231B061B689B0053445B68DB689B68D1
:106DF000AB4209D112491348FFF77AFB02B0E0BC5D
:106E0000BA46B146A846F0BD0223FF33BB800E4B05
:106E1000BB60F3E70815012024150120CC130120E5
:106E2000F01501204150002078EC0020E81D0120E1
:106E3000880601205CEC002090EB00206CEA00202A
:106E400060EC002074EC002094EB002000000000B7
:106E50005E4BF0B5D6469A464F464646524601230B
:106E6000D025C0B513605A4ACC2191462D062B6817
:106E7000584F9B004B445B68574EDB6882B09B6861
:106E8000300098465A1C554B490000933B00FCF7D4
:106E9000F7FC534C434620603000CC219A1C514BE8
:106EA0009930009349003B00FF30FCF7E9FC434672
:106EB000DA1CCC23CC219B006060F0184A4B4900BF
:106EC00000933B00FCF7DCFC43461A1D9923CC21C0
:106ED000DB00A060F018454B490000933B00FCF735
:106EE000CFFC43465A1DCC23CC21DB00E060F018D8
:106EF0003F4B490000933B00FCF7C2FC0223524683
:106F00002061136072B6BE225200AB58002BFCD039
:106F1000BFF35F8F374D2868A8422AD00026036848
:106F20005D602B604663FBF7F3FA2868A84220D027
:106F300003685D602B604663FBF7EAFA2868A842A5
:106F400017D003685D602B604663FBF7E1FA2868A1
:106F5000A8420ED003685D602B604663FBF7D8FA49
:106F60002868A84205D003685D602B604663FBF784
:106F7000CFFAD0231B061B689B004B445B681A6842
:106F8000DB6892689B689A4201D9FBF7C1F8BFF3AE
:106F90005F8FD023BE221B0652009B5062B6250095
:106FA000002614352068002802D0FCF7E9FE266090
:106FB0000434A542F6D110491048FFF799FA02B0FF
:106FC000E0BCBA46B146A846F0BDC0462415012033
:106FD0000815012031510020F015012078EC002027
:106FE000E81D0120880601205CEC002090EB0020C9
:106FF0006CEA0020BC13012060EC002074EC00203F
:107000004E4BF0B5D6469A464F4646465246012369
:10701000D024C0B513604A4ACC2191462406236887
:10702000484E9B004B445B68474FDB6882B09B68CF
:10703000380098465A1C454B490000933300FCF732
:107040001FFC434D434628603800CC219A1C414B1D
:107050009930009349003300FF30FCF711FC4346A0
:10706000DA1CCC23CC219B006860F8183A4B49000D
:1070700000933300FCF704FC43461A1D9923CC21EE
:10708000DB00A860F818354B490000933300FCF78B
:10709000F7FB43465A1DCC23CC21DB00E860F818EF
:1070A0002F4B490000933300FCF7EAFB02235246C2
:1070B0002861136072B6BE225200A358002BFCD088
:1070C000BFF35F8F274C2068A0420AD002277F427F
:1070D000036823605C60FBF71BFA47632068A042EB
:1070E000F6D1D0231B061B689B004B445B681A68D3
:1070F000DB6892689B689A4201D9FBF709F8BFF3F5
:107100005F8FD023BE221B0652009B5062B6002622
:107110002C0014352068002802D0FCF731FE2660D0
:107120000434AC42F6D110491048FFF7E1F902B03F
:10713000E0BCBA46B146A846F0BDC04624150120C1
:107140000815012031510020F015012078EC0020B5
:10715000E81D0120880601205CEC002090EB002057
:107160006CEA0020BC13012060EC002074EC0020CD
:10717000F0B5D0252D062A68414B92009B185B681C
:10718000C646DB683F4E9B6800B5984602233360D5
:107190004346CC213C4F5A1C3C4B82B000933800F4
:1071A0003B4B4900FCF76CFB03233A4C33604346EE
:1071B00020603800CC219A1C374B9930009349004D
:1071C000364BFF30FCF75CFB042333604346DA1C8C
:1071D000CC23CC219B006060F818314B4900009310
:1071E000304BFCF74DFB0523A060336072B6BE2226
:1071F0005200AB58002BFCD0BFF35F8F2A4D28689C
:10720000A84205D0036800212B605D60FCF760F99F
:10721000BFF35F8FD022BE2112064900525062B6E2
:107220000623336072B65358002BFCD0BFF35F8F38
:107230002868A84205D0036800212B605D60FCF738
:1072400047F9BFF35F8FD023BE221B0652009B502D
:1072500062B6072325003360002614352068002815
:1072600002D0FCF78DFD26600434A542F6D10F490B
:107270000F48FFF73DF902B080BCB846F0BDC046EC
:107280000815012024150120F01501206CEA0020CA
:1072900021520020E81D01205CEC0020315100202B
:1072A00090EB002051530020BC13012060EC002023
:1072B0008CEC002000000000000000000000000036
:1072C000454BF0B54E469946DE46454601234A46B3
:1072D0005746D0244149E0B58B46CC2113602406A3
:1072E0002268236892005A4452689B005B44D2682B
:1072F0005B689268DB6883B0013200933848394B91
:107300004900FCF7BDFA384B4A469846BE2518603E
:107310000223042613606D0072B66359002BFCD063
:10732000BFF35F8F23689B005B445B68DF683C238F
:107330009A46F86BBA4450453CD052460368FB630A
:107340005A600D230377BFF35F8F645162B6476BBA
:1073500072B66359002BFCD0BFF35F8F3900FCF786
:10736000B7F8BFF35F8F645162B64B464A46DB689D
:107370002032934203D249465A1CCA601F70013E14
:10738000002EC9D1444646460025143430680028F2
:1073900002D0FCF7F5FC35600436B442F6D113494F
:1073A0001348FFF7A5F803B0F0BCBB46B246A946A8
:1073B000A046F0BD0E2223689B005B445B68D96841
:1073C0000A77186802681A60536001220277D86051
:1073D000F8F71AFFF86BB0E7241501200815012013
:1073E000F0150120F1270020E81D012060EC0020AD
:1073F00090EC0020000000000000000000000000F1
:107400000122F8B50725002401270C4B0C4E1A6009
:107410002B00E3401F420DD03B00A34020009D43C2
:1074200008CE98470134002DF2D106490648FFF7EF
:107430005FF8F8BD01340436EAE7C04624150120A0
:107440001C07012060EC00208CEC002000000000F4
:10745000F0B5D02424062268614B92009B185B682B
:107460004F464646D646DB68C0B59B685D4F98469A
:10747000022384B03B6072B6BE256D006259002ABB
:10748000FCD0BFF35F8F584B1E0014363000994676
:10749000FDF74EFCBFF35F8F645162B64B46DA686E
:1074A000002A00D180E00026002500245168013424
:1074B0006D188E4200D20E001268002AF6D148469E
:1074C0001430FDF70DFD012C00D070E00323CC211A
:1074D0003B604346454A48460192454A013B00927B
:1074E00092464900434AFEF753FB434C2060002874
:1074F0004FD00423414A3B60CC210192434652467F
:1075000048460092023B3E4A4900FEF741FB60605C
:1075100000283ED005233B4A3B6080210192434630
:10752000524648460092033B374A0906FEF730FBB5
:10753000A060002841D106233B600E33984600230B
:107540009A46A0442068002803D0FCF719FC534653
:1075500023600434A045F5D12C492D48FEF7C8FF1F
:1075600000281BD10723484602AA03A93B60FEF767
:10757000F7FB012827D1039BED00AB4229D1029BE9
:10758000F600B3420AD00223FF33BB80214BBB601D
:1075900004E00223FF33BB801F4BBB6004B0E0BCA0
:1075A000BA46B146A846F0BD3000FDF799FC02236B
:1075B000FF33BB80194BBB60F0E70223FF33BB8076
:1075C000174BBB60EAE70223FF33BB80154BBB6060
:1075D000E4E70223FF33BB80134BBB60DEE7C0460A
:1075E0000815012024150120701501206CEA0020E7
:1075F0004111002098EC0020E81D012090EB0020B4
:10760000C8EC00205CEC0020D0EC002060EC0020F6
:10761000F4EC00202CED0020B0EC0020A0EC0020C9
:10762000D8EC0020F8EC002010ED00200000000055
:107630004F48F0B50123C6460700D022BE214D4E6B
:107640004D4C4E4D00B5103733601206490072B6EE
:107650005358002BFCD0BFF35F8F2B6823602C6046
:10766000BFF35F8F525062B60430874201D0046886
:10767000EDE71268424B92009B185B68414ADB6859
:1076800041489F680323791E336006F0E1F83F4CC0
:107690003F4A2060B91E3F4806F0DAF83E4A606073
:1076A000F91E3E4806F0D4F83D4AA060391F3D4817
:1076B00006F0CEF83C4AE060791F3C4806F0C8F876
:1076C0000422030020612068326000283BD06268F9
:1076D000002A38D0A268002A35D0E268002A32D0C9
:1076E000002B3ED105232700336000231437984632
:1076F000002803D0FCF744FB434623600434A74230
:1077000005D020680028F5D10434A742F9D12849D2
:107710002848FEF7EDFE00281AD106230424336022
:107720002800FEF765FB002815D0013C002CF7D19E
:107730002800FEF75DFB00280AD00223FF33B38048
:107740001D4BB36004E00223FF33B3801B4BB360D7
:1077500080BCB846F0BD0223FF33B380184BB36042
:10776000F6E70223FF33B380164BB360F0E7C04661
:107770001C0F012024150120F0150120A415012063
:10778000081501206CEA002098EC0020E81D01207B
:1077900090EB0020C8EC00205CEC0020D0EC002036
:1077A000880601204CED002078EC002054ED0020EC
:1077B00060EC002090EC00206CED0020B0EC00208C
:1077C0005CED0020D8EC002000000000000000006C
:1077D0000123F0B5C74C83B0236072B6D022BE211E
:1077E000120649005358002BFCD0BFF35F8FC24DE7
:1077F00028686B681B1A28699B101B1A042B00D081
:107800006CE1BFF35F8F525062B6023B236072B6E9
:10781000D026BE2236065200B358002BFCD0BFF350
:107820005F8F05F0E5FF3268B44B92009B185B68F0
:107830001A68DB6892689B689A4201D9FAF768FC7B
:10784000BFF35F8FD022BE2112064900525062B6AC
:1078500072B65358002BFCD0BFF35F8F28686B685B
:107860001B1A28699B101B1A042B00D062E1BFF37E
:107870005F8F525062B672B6D022BE211206490006
:107880005358002BFCD0BFF35F8F2B69002B00D027
:107890005AE1BFF35F8F525062B672B6D022BE215A
:1078A000120649005358002BFCD0BFF35F8F2B68A2
:1078B000A868834200D033E1BFF35F8F525062B6B5
:1078C00072B6D022BE21120649005358002BFCD0BC
:1078D000BFF35F8F2B68E868834200D03EE1BFF3BF
:1078E0005F8F525062B601220323002128005242CA
:1078F0002360FDF715FF831C00D039E10121002032
:10790000494205F005FF831C00D031E10122280027
:10791000524201A9FDF77CFF831C00D028E100231F
:1079200042262B7504332360012231002800524285
:10793000FDF7F6FE002800D020E10136452EF3D1F8
:1079400001214120494205F0E3FE002800D015E165
:107950000523236072B6D022BE2112064900535877
:10796000002BFCD0BFF35F8F28686B681B1A286957
:107970009B10834200D011E1BFF35F8F525062B67B
:1079800072B6D023BE211B0649005A58002AFCD0EB
:10799000BFF35F8F2E69042E00D0F5E0BFF35F8F39
:1079A0005B5062B672B6D023BE221B0652009958B5
:1079B0000029FCD0BFF35F8FE968A868814200D03E
:1079C000F6E0BFF35F8F9B5062B60623270023606B
:1079D000203701222800524201A9FDF719FF002893
:1079E00000D0CBE0E368BB4203D25A1CE260019AAC
:1079F0001A70013E002EECD141494248FEF778FD55
:107A0000002874D101220723462128005242236016
:107A1000FDF786FE434258413B4EC0B23100FEF7AF
:107A2000EFFA002863D1012201A928005242FDF794
:107A3000EFFE434258413100C0B2FEF7E1FA0028A0
:107A400055D10823236072B6D024BE2624067600C2
:107A5000A359002BFCD0BFF35F8F6B682A682B49BA
:107A6000981A2B698010C01A043843425841C0B29A
:107A7000FEF7C6FA002800D0A4E0BFF35F8FA45140
:107A800062B672B6D024BE2624067600A359002B17
:107A9000FCD0BFF35F8F2B691D4958425841C0B2DB
:107AA000FEF7AEFA002800D08CE0BFF35F8FA45140
:107AB00062B62B68AA681749981A43425841C0B267
:107AC000FEF79EFA002812D1EB6828681249C01A06
:107AD00043425841C0B2FEF793FA08E00223FF3355
:107AE000A3800E4BA360BFF35F8F525062B603B00A
:107AF000F0BDC04624150120EC130120081501201B
:107B000024EE002090EC0020D4EB002080ED00203B
:107B10008CED002098ED0020BCED002028EC00202A
:107B20000223FF33A3802A4BA360BFF35F8F525021
:107B300062B6DCE70223FF33A380264BA360BFF3CA
:107B40005F8F525062B6D2E70223FF33A380224BED
:107B5000A360BFF35F8F525062B6C8E70223FF33C2
:107B6000A3801E4BA360BFF35F8F525062B6BEE787
:107B70000223FF33A3801A4BA360B8E70223FF332D
:107B8000A380184BA360B2E70222FF32A280164AFC
:107B9000A260BFF35F8F5B5062B6A8E70223FF339A
:107BA000A380124BA360BFF35F8F525062B69EE773
:107BB0000221FF31A1800E49A160BFF35F8F9B506E
:107BC00062B694E7BFF35F8FA45162B68FE7C046F9
:107BD00098ED002080ED00208CED0020BCED002011
:107BE000E0ED0020D4EB002000EE0020F4ED0020BA
:107BF0000CEE00200000000000000000000000006B
:107C0000F0B5D6464F4646460123C0B5C74D82B0B3
:107C10002B6072B6D022BE21120649005358002BA9
:107C2000FCD0BFF35F8FC24C206863681B1A2069C9
:107C30009B101B1A042B00D093E1BFF35F8F5250AF
:107C400062B6023B2B6072B6D026BE2736067F0096
:107C5000F359002BFCD0BFF35F8F05F0C9FDBFF3D4
:107C60005F8FF65162B672B6D022BE21120649006D
:107C70005358002BFCD0BFF35F8F206863681B1A3A
:107C800020699B101B1A042B00D05BE1BFF35F8FB0
:107C9000525062B672B6D022BE2112064900535825
:107CA000002BFCD0BFF35F8F2369002B00D076E15F
:107CB000BFF35F8F525062B672B6D022BE21120659
:107CC00049005358002BFCD0BFF35F8F2368A06896
:107CD000834200D04FE1BFF35F8F525062B672B65D
:107CE000D022BE21120649005358002BFCD0BFF30E
:107CF0005F8F2368E068834200D05AE1BFF35F8F53
:107D0000525062B60023237503332B603F339846ED
:107D1000223BD026BE27994636067F00A14472B684
:107D2000F359002BFCD0BFF35F8F237D002B00D0D5
:107D30002BE1236861689C46624623698A1A921087
:107D40009A4200D121E1A068021DA26092464246FB
:107D50000260514501D86246A260206A0133236166
:107D6000484507D04A46036823625A6000234363AC
:107D7000FAF7CEFBBFF35F8FF65162B601239C4644
:107D8000E0444346452BCAD172B6D026BE273606FC
:107D90007F00F359002BFCD0BFF35F8F412005F02B
:107DA00087FCBFF35F8FF65162B6002800D0F0E089
:107DB00004232B6072B6D022BE211206490053580C
:107DC000002BFCD0BFF35F8F206863681B1A20690B
:107DD0009B10834200D0F6E0BFF35F8F525062B633
:107DE00072B6D022BE21120649005358002BFCD097
:107DF000BFF35F8F23699846042B00D0EDE0BFF3FB
:107E00005F8F525062B672B6D022BE211206490070
:107E10005358002BFCD0BFF35F8FE368A068834208
:107E200000D0E4E0BFF35F8F525062B605232B60B1
:107E30001B33D026BE27994636067F00A94472B66A
:107E4000F359002BFCD0BFF35F8F01A805F000FCB5
:107E5000BFF35F8FF65162B6002800D099E0EB685F
:107E60004B4503D25A1CEA60019A1A7001235B4207
:107E70009C46E0444346002BE1D12E492E48FEF7B4
:107E800037FB002867D101220623462120005242F9
:107E90002B60FDF745FC002800D07AE0012220008D
:107EA000524201A9FDF7B4FC002800D071E007237D
:107EB0002B6072B6D022BE21120649005358002B07
:107EC000FCD0BFF35F8F206863681B1A20699B108A
:107ED0001B1A042B36D1BFF35F8F525062B672B6B5
:107EE000D023BE221B06520099580029FCD0BFF3B4
:107EF0005F8F2169002900D083E0BFF35F8F9B5023
:107F000062B62368A2680D49981A43425841C0B22C
:107F1000FEF776F800281ED1E36820680849C01AE9
:107F200043425841C0B2FEF76BF814E0241501201B
:107F3000EC13012024EE002090EC002098ED0020AE
:107F4000BCED00200223FF33AB80334BAB60BFF3AB
:107F50005F8F525062B602B0E0BCBA46B146A84646
:107F6000F0BD0223FF33AB802C4BAB60BFF35F8FC0
:107F7000525062B6EFE70223FF33AB80284BAB6071
:107F8000BFF35F8F525062B6E5E7BFF35F8FF651E4
:107F900062B60223FF33AB80224BAB60DBE70223E8
:107FA000FF33AB80204BAB60BFF35F8F525062B6A4
:107FB000D1E70223FF33AB801C4BAB60BFF35F8F75
:107FC000525062B6C7E70223FF33AB80184BAB6059
:107FD000BFF35F8F525062B6BDE70223FF33AB8021
:107FE000144BAB60BFF35F8F525062B6B3E702230E
:107FF000FF33AB80104BAB60BFF35F8F525062B664
:10800000A9E70221FF31A9800749A960BFF35F8F6B
:108010009B5062B69FE7C04680ED002028EC002010
:1080200098ED0020D4EB00208CED0020BCED00206A
:10803000F4ED002000EE00200CEE00200000000017
:108040000FB4F0B54E464546DE465746E0B58BB018
:1080500014AB40CB0693029300233078751C019338
:10806000002876D0C14B9B460CE0C04F3B6A002BEA
:1080700000D098472E00019B013301933078751C86
:10808000002866D02528F0D10022737892462D2B47
:1080900002D12C3B9A46B51C2B7800212B2B02D108
:1080A0006B780131013520229146302B02D199465F
:1080B00001352B782A2B1AD102986B78002280C8C0
:1080C000AE1C2E2B2BD020241D00A5434C2D33D0CD
:1080D0001D00413DECB202941C00443CE4B2342C3F
:1080E00043D8A400A0464546A14C6459A746013593
:1080F000002B2ED0002708E0BB000135DF196B1ED6
:108100001B787F00D719002B23D01A00303AD2B247
:108110002E00092AF0D9002202982E2BD3D13378D1
:10812000002B16D02A2B56D1737820241D0004C8AA
:108130000236A5434C2DCBD13378751C002B08D0CB
:108140001C00443CE4B2342C0ED88A4EA4003459AE
:10815000A74601980BB0F0BCBB46B246A946A04664
:10816000F0BC08BC04B018472E00013F07AAFD432D
:1081700013705346ED17039202903D40002B3ED002
:1081800000235F469846039CA2463B00C2445746E4
:10819000AA461D002B6A002B01D020789847013495
:1081A0003B1BF7D55546019B013343440193002DFA
:1081B00000D163E72C004F465B461B6A002B01D0C1
:1081C00038009847013C002CF6D1019B9C46AC44FA
:1081D0006346019352E7751C160008E00135B200B2
:1081E0006B1E96191B787600A619002BB1D01C00C7
:1081F000303CE4B2092CF1D932002E0063E76D4225
:10820000002F00DDB8E0D0465F46039CBCE72E009F
:10821000030020CB029307AB002D00DAE5E0002934
:1082200000D1FAE01A0003932B23137006AA944698
:10823000263B63440493049B0B3398460593330019
:108240004646984628000A21F8F7B6F93031CCB2F4
:10825000013E28000A213470F8F7C8F8051EF1D154
:108260004346B04642461E00059B40469A1A049972
:10827000002300E0C45CCC5401339342FAD1049A49
:10828000039C944663441B1BFF1A013B984629E05C
:108290002E0010239846030001CB0F25029306AB56
:1082A0009C463300654446462C0098463100F8F75A
:1082B00083F90B003033392B00DD0733013CDBB28F
:1082C00023700028F2D107AA46460392291B00E03A
:1082D0002378013413700132AC42F9D14B1E984619
:1082E000039C7F1AFD435346ED173D40002B03D1FD
:1082F0006D42AA46002F43DC4346002B00DA56E7C6
:108300001A4F41E72E0008239846C4E72E000300C9
:1083100010CB0293002C7BD02378002A70D0002B46
:1083200000D17DE0013A7BD4230002E0E11AD14282
:1083300003D4597801330029F8D11B1BFF1A013BE4
:10834000984620239946CDE72E00010008C907AAC8
:1083500013702023013FFD4399465346ED170392C6
:1083600002913D40002B00D00AE748E72415012088
:1083700038EE00200CEF00200023AA469846039C0C
:108380002078FD2302002B3A1A4219D04A462D4F7D
:10839000A1463B6A140000E03B6A002B01D020009C
:1083A00098470135002DF7D1230052464C46994697
:1083B000019B9B1A01934346002B00DBE4E65DE63C
:1083C0004B46302BE2D11F4F01343B6A002B01D0CA
:1083D00098473B6A019A0132019201225242944627
:1083E0004A46E044A1461400D7E71A0003932D2320
:1083F000137006AA9446283B63446D4204931AE71F
:10840000002B0DD0104A8FE72E000A23984642E732
:108410000E4C002A86D10C4A86E7039304930AE7A0
:10842000FD435346ED173D40002B02D16D42002F16
:1084300002DC20239946BAE620239946213BAA462E
:1084400098469DE724150120FE7F000038E50020B6
:108450000122F8B5254D264B280026491A60FFF762
:10846000EFFD254C25492000FFF7EAFD28002449AF
:10847000FFF7E6FD20002349FFF7E2FD280022492F
:10848000FFF7DEFD20002149FFF7DAFD2800204933
:10849000FFF7D6FD20001F49FFF7D2FD28001E4937
:1084A000FFF7CEFD1D4F04213800FFF7C9FD1C4E1C
:1084B00020003100FFF7C4FD28001A49FFF7C0FD76
:1084C00038000821FFF7BCFD31002000FFF7B8FDA0
:1084D00028001549FFF7B4FD38000821FFF7B0FD6B
:1084E00031002000FFF7ACFDF8BDC0462CEA0020AB
:1084F00024150120E0EF0020901101204CE700201E
:108500000CF0002068E7002038F0002018E7002079
:1085100064F0002088E7002090F00020BCF00020EC
:1085200034EA0020C0F00020ECF000200000000041
:1085300010B5FFF78DFF10BD000000000000000027
:108540000122F8B5214C224B200022491A60FFF786
:1085500077FD214D21492800FFF772FD204F0021B2
:108560003800FFF76DFD1F4E20003100FFF768FD5A
:1085700028001D49FFF764FD20001C49FFF760FD3E
:1085800028001B49FFF75CFD38000821FFF758FD64
:1085900031002000FFF754FD28001649FFF750FD79
:1085A00038000021FFF74CFD31002000FFF748FDA7
:1085B00028001149FFF744FD38000021FFF740FD76
:1085C00031002000FFF73CFDF8BDC04690110120AE
:1085D0002415012018F100202CEA00204CF1002085
:1085E000BCF0002034EA002078F10020FCE60020F6
:1085F000A4F10020D0F10020FCF1002000000000D8
:108600000122F8B5CF4FD04B3800D0491A60FFF7A0
:1086100017FDCF4E01213000FFF712FDCD4DCE4C9E
:1086200029002000FFF70CFD3800CC49FFF708FDBA
:1086300000213000FFF704FD29002000FFF700FDB6
:108640003800C749FFF7FCFC20213000FFF7F8FC99
:1086500029002000FFF7F4FC3800C249FFF7F0FCC6
:108660003000C149FFF7ECFC29002000FFF7E8FCCF
:108670003800BE49FFF7E4FC20213000FFF7E0FCA2
:1086800029002000FFF7DCFC3800B949FFF7D8FCCF
:1086900020213000FFF7D4FC29002000FFF7D0FC98
:1086A0003800B449FFF7CCFC14213000FFF7C8FCB8
:1086B00029002000FFF7C4FC3800AF49FFF7C0FCD9
:1086C00000213000FFF7BCFC29002000FFF7B8FCB8
:1086D0003800AA49FFF7B4FC00213000FFF7B0FCD6
:1086E00029002000FFF7ACFC3800A549FFF7A8FCE3
:1086F00001213000FFF7A4FC29002000FFF7A0FCB7
:108700003800A049FFF79CFC01213000FFF798FCDE
:1087100029002000FFF794FC38009B49FFF790FCEC
:1087200001213000FFF78CFC29002000FFF788FCB6
:1087300038009649FFF784FC01213000FFF780FCE8
:1087400029002000FFF77CFC38009149FFF778FCF6
:1087500001213000FFF774FC29002000FFF770FCB6
:1087600038008C49FFF76CFC01213000FFF768FCF2
:1087700029002000FFF764FC38008749FFF760FC00
:1087800000213000FFF75CFC29002000FFF758FCB7
:1087900038008249FFF754FC01213000FFF750FCFC
:1087A00029002000FFF74CFC38007D49FFF748FC0A
:1087B00000213000FFF744FC29002000FFF740FCB7
:1087C00038007849FFF73CFC01213000FFF738FC06
:1087D00029002000FFF734FC38007349FFF730FC14
:1087E00001213000FFF72CFC29002000FFF728FCB6
:1087F00038006E49FFF724FC01213000FFF720FC10
:1088000029002000FFF71CFC38006949FFF718FC1D
:1088100001213000FFF714FC29002000FFF710FCB5
:1088200038006449FFF70CFC01213000FFF708FC19
:1088300029002000FFF704FC38005F49FFF700FC27
:1088400000213000FFF7FCFB29002000FFF7F8FBB8
:1088500038005A49FFF7F4FB01213000FFF7F0FB25
:1088600029002000FFF7ECFB38005549FFF7E8FB33
:1088700000213000FFF7E4FB29002000FFF7E0FBB8
:1088800038005049FFF7DCFB00213000FFF7D8FB30
:1088900029002000FFF7D4FB38004B49FFF7D0FB3D
:1088A00000213000FFF7CCFB29002000FFF7C8FBB8
:1088B00038004649FFF7C4FB00213000FFF7C0FB3A
:1088C00029002000FFF7BCFB38004149FFF7B8FB47
:1088D000FF213000FFF7B4FB29002000FFF7B0FBB9
:1088E00038003C49FFF7ACFB80213000FFF7A8FBC4
:1088F00029002000FFF7A4FB38003749FFF7A0FB51
:1089000000213000FFF79CFB29002000FFF798FBB7
:1089100038003249FFF794FB00213000FFF790FB4D
:1089200029002000FFF78CFB38002D49FFF788FB5A
:1089300000213000FFF784FB29002000FFF780FBB7
:10894000F8BDC0462CEA00202415012028F20020A2
:10895000BCF0002034EA00209011012054F20020E5
:1089600080F20020ACF2002040420F00D8F200203C
:1089700004F3002030F300205CF3002088F3002093
:10898000B4F30020E0F300200CF4002038F40020C1
:1089900064F4002090F40020BCF40020E8F40020EF
:1089A00014F5002040F500206CF5002098F500201B
:1089B000C4F50020F0F500201CF6002048F6002049
:1089C00074F60020A0F60020CCF60020F8F6002077
:1089D00024F7002050F700207CF70020A8F70020A3
:1089E000D4F700200000000000000000000000009C
:1089F000F0B50123C646234F00B53B60D0231B06CC
:108A00001A68214B92009B185B68CC21DB6882B00E
:108A10009A680023013A009349001C4B1C48FAF75E
:108A20002FFF02231B4C3B602060FAF711FD00234F
:108A300026000500984614362068002803D0FBF76E
:108A40009FF9434623600434B442F5D10323124E08
:108A5000124930003B60FFF7F3FA114C2900200067
:108A6000FFF7EEFA30000F49FFF7EAFA690020003D
:108A7000FFF7E6FA0C490D48FFF7E2FA02B080BCB6
:108A8000B846F0BD241501200815012061350020ED
:108A9000F0150120E81D01202CEA002000F800203C
:108AA000BCF0002010F800201CF8002090110120DC
:108AB000F0B50123C646234F00B53B60D0231B060B
:108AC0001A68214B92009B185B68CC21DB6882B04E
:108AD0009A6800230132009349001C4B1C48FAF7A6
:108AE000CFFE02231B4C3B602060FAF7B1FC002351
:108AF00026000500984614362068002803D0FBF7AE
:108B00003FF9434623600434B442F5D10323124EA7
:108B1000124930003B60FFF793FA114C2900200006
:108B2000FFF78EFA30000F49FFF78AFA690020003C
:108B3000FFF786FA0C490D48FFF782FA02B080BCB5
:108B4000B846F0BD2415012008150120613500202C
:108B5000F0150120E81D01202CEA002000F800207B
:108B6000BCF0002010F800201CF80020901101201B
:108B7000F0B5D6464F4646460123C0B54C4F4D4E44
:108B80003B60D0231B069A461B68CC219B00F31840
:108B90005B68494DDB6882B09A68002328009846DC
:108BA000013200934900454BFAF76AFE02233B600D
:108BB00053461B68424C9B00F3185B68414ADB68D4
:108BC000206028009146CC219A6843469930023AA9
:108BD000009349004B46FF30FAF752FE53461B689C
:108BE00060609B00F3185B68CC21DB6849009A68E1
:108BF000CC239B00E8184346033A00934B46FAF710
:108C00003FFE53461B68A0609B00F3185B68CC21B5
:108C1000DB6849009A689923DB00E8184346043A68
:108C200000934B46FAF72CFE53461B68E0609B000E
:108C3000F6187368CC21DB6849009A68CC23DB0006
:108C4000E8184346053A00934B46FAF719FE03230A
:108C5000206120683B60FAF7FBFB26000500143614
:108C60002068002803D0FBF78BF8434623600434C8
:108C7000B442F5D10423144E144930003B60FFF791
:108C8000DFF9134C29002000FFF7DAF93000114911
:108C9000FFF7D6F969002000FFF7D2F90E490F4817
:108CA000FFF7CEF902B0E0BCBA46B146A846F0BD27
:108CB0002415012008150120F01501206135002040
:108CC000E81D0120613D00202CEA002000F8002072
:108CD000BCF0002010F800201CF8002090110120AA
:108CE000544BF0B5DE469B4657464E465A464546DF
:108CF0000123D024E0B52406136022684E4B920075
:108D00009B185B68CC21DB6883B09A680023013232
:108D100000934900494B4A48FAF7B2FD494B5A467D
:108D20009A46186002230600136072B6BE256D00D5
:108D30006359002BFCD0BFF35F8F01210820F9F7A6
:108D400057FEBFF35F8F645162B672B6D022BE2168
:108D5000120649005358002BFCD0BFF35F8F3A4BEB
:108D600099469F6ABFF35F8F525062B60023D024AA
:108D7000BE25984624066D0072B66359002BFCD0C0
:108D8000BFF35F8F00213000FAF7A2FB3000002113
:108D9000FAF79EFB30000021FAF79AFB0021300021
:108DA000FAF796FBBFF35F8F645162B604239C46CB
:108DB0004B46264A9B6AE044DB1B9342DCD90323E3
:108DC0005A46136072B6D024BE2524066D0063593E
:108DD000002BFCD0BFF35F8F012130004942FAF72E
:108DE00077FBBFF35F8F645162B654465746002548
:108DF00014343868002802D0FAF7C2FF3D60043707
:108E0000BC42F6D15A460423114912481360FFF7B9
:108E100017F9434610485900FFF712F90F49104857
:108E2000FFF70EF903B0F0BCBB46B246A946A04618
:108E3000F0BDC04624150120081501207116002040
:108E4000F0150120E81D0120004005403F420F00C1
:108E500000F800202CEA0020BCF000201CF80020C4
:108E60009011012000000000000000000000000040
:108E7000F0B5D024DE46454657464E4624062268C5
:108E80002D4B92009B185B68E0B5DB6883B09D6852
:108E90002A4B013D9B4601235A46136072B6BE26FB
:108EA0007600A359002BFCD0BFF35F8F012108206F
:108EB000F9F79EFDBFF35F8FA45162B672B6D02260
:108EC000BE21120649005358002BFCD0BFF35F8F20
:108ED0001B4EB36A9A46BFF35F8F525062B6194B6E
:108EE00000249946184B00279846CC214B462A006F
:108EF000490040460097FAF7C3FCFAF741FF524693
:108F0000B36A01349B1A114A9342EED902235A469E
:108F10000F4910481360FFF793F821000E48FFF740
:108F20008FF80E490E48FFF78BF803B0F0BCBB4634
:108F3000B246A946A046F0BD08150120241501201F
:108F400000400540613D0020F01501203F420F0028
:108F500000F800202CEA0020BCF0002028F80020B7
:108F6000901101200000000000000000000000003F
:108F7000F0B5D024DE46454657464E4624062268C4
:108F80002D4B92009B185B68E0B5DB6883B09D6851
:108F90002A4B01359B4601235A46136072B6BE2602
:108FA0007600A359002BFCD0BFF35F8F012108206E
:108FB000F9F71EFDBFF35F8FA45162B672B6D022DF
:108FC000BE21120649005358002BFCD0BFF35F8F1F
:108FD0001B4EB36A9A46BFF35F8F525062B6194B6D
:108FE00000249946184B00279846CC214B462A006E
:108FF000490040460097FAF743FCF7F729FC524630
:10900000B36A01349B1A114A9342EED902235A469D
:109010000F4910481360FFF713F821000E48FFF7BF
:109020000FF80E490E48FFF70BF803B0F0BCBB4633
:10903000B246A946A046F0BD08150120241501201E
:1090400000400540613D0020F01501203F420F0027
:1090500000F800202CEA0020BCF0002028F80020B6
:10906000901101200000000000000000000000003E
:10907000694BF0B5D6469A464F46464652460123BE
:10908000D025C0B52D0613602B68644F9B00FB18DC
:109090005B68634ADB689046CC219A680023614E86
:1090A00082B0994600933000434605324900FAF7F2
:1090B000E7FB2B685C4C9B00FB185B682060DB685F
:1090C00030009A68CC214B469930009304324346D5
:1090D0004900FF30FAF7D4FB2B6860609B00FB1857
:1090E0005B68CC21DB6849009A68CC239B00F018B0
:1090F0004B46033200934346FAF7C2FB2B68A0604D
:109100009B00FB185B68CC21DB6849009A689923B7
:10911000DB00F0184B46023200934346FAF7B0FBEF
:109120002B68E0609B00FF187B68CC21DB6849005E
:109130009A68CC23DB00F0184B460132009343467B
:10914000FAF79EFB022352462061136072B6BE26D8
:109150007600AB59002BFCD0BFF35F8F01210820B4
:10916000F9F746FCBFF35F8FAD5162B672B6D022FD
:10917000BE21120649005358002BFCD0BFF35F8F6D
:109180002A4FBB6A9946BFF35F8F525062B6284B95
:1091900000259846274E0021300004F079FD4A460C
:1091A000BB6A01359B1A4345F5D903235246136028
:1091B000F7F74EFC30000021260004F069FD00277F
:1091C00014362068002802D0FAF7DAFD276004344C
:1091D000B442F6D104235246174E184930001360AA
:1091E000FEF72EFF164C29002000FEF729FF300065
:1091F0001449FEF725FF6900491920004900FEF7D0
:109200001FFF11491148FEF71BFF02B0E0BCBA4630
:10921000B146A846F0BDC04624150120081501201E
:10922000C14B0020F0150120E81D01200040054041
:109230003F420F00D01501202CEA002000F800204A
:10924000BCF0002034F800201CF800209011012010
:10925000F0B54646D6464F460123C0B55B4E84B0B6
:1092600033600023039372B6D024BE2524066D001C
:109270006359002BFCD0BFF35F8F01210820F9F761
:10928000B7FBBFF35F8F645162B672B6D025BE22C2
:109290002D065200AB58002BFCD0BFF35F8F4C4B18
:1092A0009B6ABFF35F8FAD5062B64A4A2B68924605
:1092B000494A9B0091464B445B68CC21DB6803AF75
:1092C0009A68464B013A98460097534640464900F3
:1092D000FAF7D6FA424CCC21206040462B689930F0
:1092E0009B004B445B684900DB68FF309A6853463B
:1092F000013A0097FAF7C4FA6060CC20CC212B68C1
:1093000080009B004B445B684044DB6849009A68DE
:109310005346013A0097FAF7B3FAA0609920CC219E
:109320002B68C0009B004B445B684044DB684900ED
:109330009A685346013A0097FAF7A2FAE060CC2007
:10934000CC212B68C0009B004B445B684044DB6829
:1093500049009A685346013A0097FAF791FA0223B6
:109360002061336072B6D025BE272D067F00EB59F1
:10937000002BFCD0BFF35F8F1A490820F9F738FBA8
:10938000BFF35F8FED5162B62500F7F761FB002751
:1093900014352068002802D0FAF7F2FC2760043464
:1093A000A542F6D10323104910483360FEF748FE6A
:1093B00003990F48FEF744FE0E490F48FEF740FEA2
:1093C00004B0E0BCBA46B146A846F0BD2415012061
:1093D000004005403116002008150120F01501203D
:1093E000E81D012040420F0000F800202CEA002078
:1093F000BCF000201CF800209011012000000000AB
:10940000F8B5384BDE469B4657464E464546012347
:109410005A46E0B5136072B6D024BE2524066D000E
:109420006359002BFCD0BFF35F8F01210820F9F7AF
:10943000DFFABFF35F8F645162B672B6D022BE21ED
:10944000120649005358002BFCD0BFF35F8F264B08
:109450009B6A9A46BFF35F8F525062B6234BD0246B
:109460009946234BBE2500269846224F24066D00C0
:1094700072B66359002BFCD0BFF35F8F00234A46BE
:1094800040460121F8F7B4FD00234A461A49380046
:10949000F8F7AEFD4046F8F7F3FD3800F8F7F0FDB9
:1094A000BFF35F8F645162B652460F4B01369B6A21
:1094B0009B1A124A9342DBD95A460223104911489B
:1094C0001360FEF7BDFD71000F48FEF7B9FD0F49AF
:1094D0000F48FEF7B5FDF0BCBB46B246A946A04614
:1094E000F8BDC0462415012000400540C1110020F0
:1094F000001E0120181E0120102700003F420F000F
:1095000000F800202CEA0020BCF0002048F80020E1
:109510009011012000000000000000000000000089
:10952000F8B52F4BCE469946474601234A4680B5AB
:10953000136072B6D024BE2524066D006359002B3B
:10954000FCD0BFF35F8F01210820F9F751FABFF378
:109550005F8F645162B672B6D022BE2112064900F6
:109560005358002BFCD0BFF35F8F1E4FBB6A984649
:10957000BFF35F8F525062B600251B4C1B4E20007C
:10958000FBF76EF92000FBF73BFB2000FBF768F9C7
:109590002000FBF735FB2000FBF762F92000FBF70A
:1095A0002FFB2000FBF75CF92000FBF729FB42466C
:1095B000BB6A01359B1AB342E1D94A4602230C49E2
:1095C0000C481360FEF73CFDA9000B48FEF738FD80
:1095D0000A490B48FEF734FDC0BCB946B046F8BD99
:1095E0002415012000400540D01501203F420F0006
:1095F00000F800202CEA0020BCF0002054F80020E5
:109600009011012000000000000000000000000098
:10961000474BF0B5D6469A464F464646012352463A
:10962000C0B5136072B6D024BE2524066D00635900
:10963000002BFCD0BFF35F8F01210820F9F7D8F988
:10964000BFF35F8F645162B672B6D022BE2112069C
:1096500049005358002BFCD0BFF35F8F354B984621
:109660009B6A9946BFF35F8F525062B6D024BE25E5
:109670000027314E24066D0072B66359002BFCD0D2
:10968000BFF35F8F3000FBF753FBBFF35F8F645175
:1096900062B63000FBF724FC72B66359002BFCD095
:1096A000BFF35F8F3000FBF743FBBFF35F8F645165
:1096B00062B63000FBF714FC72B66359002BFCD085
:1096C000BFF35F8F3000FBF733FBBFF35F8F645155
:1096D00062B63000FBF704FC72B66359002BFCD075
:1096E000BFF35F8F3000FBF723FBBFF35F8F645145
:1096F00062B63000FBF7F4FB43464A469B6A0137EB
:109700009B1A0E4A9342B7D9524602230C490D4880
:109710001360FEF795FCB9000B48FEF791FC0B496E
:109720000B48FEF78DFCE0BCBA46B146A846F0BD3A
:109730002415012000400540B41501203F420F00D0
:1097400000F800202CEA0020BCF0002064F8002083
:109750009011012000000000000000000000000047
:10976000494BF0B5C646984601234246474F00B5DF
:10977000380047491360FEF763FC464EE021300095
:10978000FEF75EFC444D454C29002000FEF758FCD6
:1097900042460223380042491360FEF751FC300074
:1097A0005021FEF74DFC29002000FEF749FC4246FF
:1097B000032338003B491360FEF742FC30001821B8
:1097C000FEF73EFC29002000FEF73AFC4246042347
:1097D000380035491360FEF733FC30000C21FEF7EA
:1097E0002FFC29002000FEF72BFC42460523380001
:1097F0002E491360FEF724FC30001021FEF720FCF8
:1098000029002000FEF71CFC4246062338002849A8
:109810001360FEF715FC30000821FEF711FC29004B
:109820002000FEF70DFC4246072338002149136053
:10983000FEF706FC30000421FEF702FC29002000A0
:10984000FEF7FEFB4246082338001B491360FEF773
:10985000F7FB30001421FEF7F3FB29002000FEF790
:10986000EFFB42460923380014491360FEF7E8FB7A
:1098700030002821FEF7E4FB29002000FEF7E0FB82
:1098800080BCB846F0BDC046241501202CEA00205B
:1098900074F80020BCF0002084F800209011012012
:1098A0008CF800209CF80020ACF80020BCF80020C8
:1098B000CCF80020DCF80020ECF80020FCF80020B8
:1098C0000122F8B5214C224B200022491A60FEF7F4
:1098D000B7FB214D21492800FEF7B2FB204F0021A4
:1098E0003800FEF7ADFB1F4E20003100FEF7A8FB4D
:1098F00028001D49FEF7A4FB20001C49FEF7A0FB31
:1099000028001B49FEF79CFB38000121FEF798FB5D
:1099100031002000FEF794FB28001649FEF790FB6B
:1099200038000421FEF78CFB31002000FEF788FB95
:1099300028001149FEF784FB38000021FEF780FB68
:1099400031002000FEF77CFBF8BDC04690110120DD
:10995000241501200CF900202CEA00204CF10020F5
:10996000BCF0002034EA002078F1002040F900200B
:10997000A4F10020D0F10020FCF100200000000044
:109980000122F8B56F4F704B380070491A60FEF72E
:1099900057FB6F4E01213000FEF752FB6D4D6E4CB0
:1099A00029002000FEF74CFB38006C49FEF748FB0D
:1099B00030000121FEF744FB29002000FEF740FBA8
:1099C00038006749FEF73CFB30000121FEF738FB09
:1099D00029002000FEF734FB38006249FEF730FB17
:1099E00030000021FEF72CFB29002000FEF728FBA9
:1099F00038005D49FEF724FB30000121FEF720FB13
:109A000029002000FEF71CFB38005849FEF718FB20
:109A100030000121FEF714FB29002000FEF710FBA7
:109A200038005349FEF70CFB30000121FEF708FB1C
:109A300029002000FEF704FB38004E49FEF700FB2A
:109A400030000121FEF7FCFA29002000FEF7F8FAA9
:109A500038004949FEF7F4FA30000121FEF7F0FA28
:109A600029002000FEF7ECFA38004449FEF7E8FA36
:109A700030000121FEF7E4FA29002000FEF7E0FAA9
:109A800038003F49FEF7DCFA30000121FEF7D8FA32
:109A900029002000FEF7D4FA38003A49FEF7D0FA40
:109AA00030000821FEF7CCFA29002000FEF7C8FAA2
:109AB00038003549FEF7C4FA30000121FEF7C0FA3C
:109AC00029002000FEF7BCFA38003049FEF7B8FA4A
:109AD00030000121FEF7B4FA29002000FEF7B0FAA9
:109AE00038002B49FEF7ACFA30000121FEF7A8FA46
:109AF00029002000FEF7A4FA38002649FEF7A0FA54
:109B000030000121FEF79CFA29002000FEF798FAA8
:109B100038002149FEF794FA30000121FEF790FA4F
:109B200029002000FEF78CFA38001C49FEF788FA5D
:109B300030000121FEF784FA29002000FEF780FAA8
:109B4000F8BDC0462CEA00202415012048F9002069
:109B5000BCF0002034EA00209011012074F90020AC
:109B6000A0F90020CCF90020F8F9002024FA002008
:109B700050FA00207CFA0020A8FA0020D4FA002035
:109B800000FB00202CFB002058FB002084FB002061
:109B9000B0FB0020DCFB002008FC002034FC00208F
:109BA0000D4B0E4A190020311962596219003031EB
:109BB0001A60DA609A6019630832596319005A60B2
:109BC000002240311A611A759A61DA619A629A63C9
:109BD000196459649A64704714140120F014012028
:109BE000054B1900DA6820318A4203D2511CD96032
:109BF000302313700148704724150120AA55000036
:109C0000044B1900DA6820318A4202D2511CD96013
:109C100010707047241501200000000000000000B3
:109C2000084B30B51C00DA682034A24209D2551C1A
:109C3000DD601070DA68C9B2A24202D2541CDC6046
:109C4000117030BD2415012000000000000000004C
:109C50000C4B70B51C00DD682034A54210D26E1C80
:109C6000DE602870DD68C9B2A54209D26E1CDE60D4
:109C70002970D968D2B2A14202D24C1CDC600A70B1
:109C800070BDC04624150120000000000000000047
:109C9000F0B50F4C2600E5682036B54217D26F1C90
:109CA000E7602870E568C9B2B54210D26F1CE76062
:109CB0002970E168D2B2B14209D24D1CE5600A7048
:109CC000E268DBB2B24202D2511CE1601370F0BD17
:109CD000241501200000000000000000000000002A
:109CE000074B1900DA6820318A4203D2511CD9602F
:109CF0005A2313700122034B03481A707047C04661
:109D000024150120F01E012055AA000000000000CB
:109D1000064B1800DA682030824204D24969501C90
:109D20004131D860117000207047C04624150120D1
:109D3000002070470000000000000000000000004C
:109D400000220421024B1A6059609960DA60704762
:109D5000801401200000000000000000000000004E
:109D600000220421044BDA60196159619A611B6079
:109D70005B609A607047C0466414012000000000D8
:109D800000220421044BDA60196159619A611B6059
:109D90005B609A607047C0466414012000000000B8
:109DA000072200200A4BD91D91435B1A094A7833D8
:109DB000DB08D16010614B600133DB00106008608C
:109DC000936013001433516053619361D061704705
:109DD000CC200120A820012000000000000000008D
:109DE000F0B54646D6464F460500C0B510020E00F7
:109DF0001F00110E1A000023F6F7E4FB2D4B6C0038
:109E00009C466419A400644463688046984200D963
:109E100060602B1FDBB29A46012B2BD9C023802216
:109E20009B01234312011A60234BAD0059599946F7
:109E3000002918D1E02223681A4080235B012343C4
:109E40001A605246012A29D9802380229B0123438C
:109E500012011A60434663604B465F51E0BCBA464C
:109E6000B146A846F0BD5869F6F736FA0130013818
:109E7000FDD1DFE7012ED1D1C02303229B01234373
:109E80001A60A3681E42FCD0E0232268AD001A408D
:109E900080235B0123431A60074A9146032122680D
:109EA00072400A401A600123B340A1680B42FCD003
:109EB000CAE7C04600800040C81E01200000000024
:109EC0001F4B30B51900DA68203187B08A4202D2C0
:109ED000511CD960107072B6D024BE2224065200E4
:109EE000A358002BFCD0BFF35F8F2368154D9B0058
:109EF000EB185B686846DB68134A1449F8F778F892
:109F0000082223689B00ED186B68D9680A771868E7
:109F100002681A60536001220277D860F6F774F97C
:109F2000009B002B02D06846F8F7AAF8BFF35F8FBA
:109F3000D023BE221B0652009B5062B607B030BD34
:109F400024150120081501204115002010270000CC
:109F5000F0B54646D6464F468046C0B572B6D021CB
:109F6000BE22090652008B58002BFCD0BFF35F8F36
:109F700042465F4F3B68013B13407A68DB009446E2
:109F800063441C68A34203D123E02468A34220D089
:109F90002269002AF9D162699045F6D1236A002B23
:109FA00067DDE168A268013B8A60D1600122616AD5
:109FB000236291436162BFF35F8FD023BE221B06F1
:109FC00052009B5062B62000E0BCBA46B146A8469B
:109FD000F0BD484BD0259A4601239946BB6B2D0610
:109FE000013BBB63002B26DB3C6A4946E268A36861
:109FF0009360DA60626A13008B436362236A013BF9
:10A000002362D30658D5BFF35F8FBE267600AD51CD
:10A0100062B6222301226362210038003B6C98471C
:10A0200072B6AB59002BFCD0BFF35F8FBB6B013B0B
:10A03000BB63002BD8DA3A002B6830329B005344C4
:10A040005B68DB681A605A637A6B5A60136005229A
:10A050007B632B689B0053445B68D9680A77186858
:10A0600002681A6053604A460277D860F6F7CCF867
:10A07000BAE7D0202100013B2362000603681D4A95
:10A080009B00D3185B681831DB6819605963E1697C
:10A0900059600B60E36103689B00D2185368052286
:10A0A000D9680A77186802681A605360012202773B
:10A0B000D860F6F7A9F87EE7930704D522686368AD
:10A0C0001A602268536000232361434663610A23B8
:10A0D000424663623B68013B13407A68DB00D31859
:10A0E0001A68636022601A6854601C6063E7C046A7
:10A0F0003C1E0120081501200000000000000000A7
:10A10000F0B5234C234E250083B01C3501222800D6
:10A11000524201A9FBF77CFB002801D003B0F0BD3F
:10A12000019F3B68002BF9D07868984772B6D02120
:10A13000BE22090652008B58002BFCD0BFF35F8F64
:10A14000E3683B60A368E7600133A360002B16DD82
:10A15000D0231B061B689B00F3185B681A68DB683A
:10A1600092689B689A4201D9F7F7D2FFBFF35F8FDD
:10A17000D023BE221B0652009B5062B6C6E7206861
:10A1800003685C60236000234363F8F7C1F9DFE7ED
:10A19000541F0120081501200000000000000000ED
:10A1A000434B70B51D000C00D9682035A94204D27C
:10A1B0004D1CDD60636961330B700823616A99434C
:10A1C0006162002A01D1002070BD72B6D021BE228A
:10A1D000090652008B58002BFCD0BFF35F8F236A17
:10A1E000002B54DB636A1A072DD49A0647D401006A
:10A1F000C2691431A260E160D460C46112221340CC
:10A20000113A13436362836B01338363002B2BDDAD
:10A21000236A01332362D0231B061A68254B920060
:10A220009B185B681A68DB6892689B689A4201D940
:10A23000F7F76EFFBFF35F8FD023BE221B065200DD
:10A240009B5062B6BFE76268236813605A600200E1
:10A25000036A1432E360A2609C60002304622361FD
:10A26000636101336362CEE70023026B3030116813
:10A270000160486010005363F8F74AF9C8E701002D
:10A28000026A1431E260A16094600462B6E71A22A7
:10A29000A069616A0133236203680A40A3616262B4
:10A2A00018345C6000234363F8F732F9B3E7C04623
:10A2B0002415012008150120000000000000000006
:10A2C000F8B5194CDE46230057464E464546174919
:10A2D0002433E0B56362A362E16301231449E362BE
:10A2E00021640021230008226161A1612100303333
:10A2F00023636363226004230E4A14312162110038
:10A30000A363A3600C4B6260236140311260526012
:10A3100008328A42FAD122001F00143201251600A9
:10A320000021F0370BE0C0463C1E0120A1A1002017
:10A33000119D0020F41E0120A81F01200300180019
:10A3400018309861D86124309A601D62DE60D36055
:10A350001A00196159615D629962B842EED1E361F8
:10A360000223D94F99463B6006339846D74B0026C7
:10A370009B463000FFF7ECFD4A46436A05001A424F
:10A3800000D104E242461A4200D125E272B6D02141
:10A39000BE22090652008B58002BFCD0BFF35F8F02
:10A3A0002B6A002B00DA25E242466B6A1A4200D182
:10A3B000F3E16A682B6813605A602200236A143242
:10A3C000EB60AA609D60002325622B616B61013305
:10A3D0006B62A36B0133A363002B00DCF1E12B6AFA
:10A3E00001332B62D0231B061B689B005B445B6818
:10A3F0001A68DB6892689B689A4201D9F7F788FE71
:10A40000BFF35F8FD025BE232D065B00ED5062B6F3
:10A410000136082EADD1AE49AE48FCF769F80028E8
:10A4200000D0AEE103233B600023994608339846F1
:10A430004846FFF78DFD0222436A06001A4200D10A
:10A44000A5E142461A4200D1E4E113434362010010
:10A4500000222000E36B9847002800D0E6E10222AA
:10A46000736A1A4200D192E142461A40924642462D
:10A470001A4200D0D4E172B6BE225200AB58002B73
:10A48000FCD0BFF35F8F336A002B00DAFBE1434659
:10A49000726A134200D1CFE17268336813605A6068
:10A4A0002200236A1432F360B2609E6000232662A9
:10A4B0003361736101337362A36B0133A363002BB8
:10A4C00000DCCDE1336A013333622B689B005B44CF
:10A4D0005B681A68DB6892689B689A4201D9F7F753
:10A4E00017FEBFF35F8FBE235B00ED5062B67C3B6F
:10A4F000FF3B9C46E1444B46082B99D17449764872
:10A50000FBF7F6FF002800D03BE104233B60023B51
:10A510009946D0260633984636065046FFF718FD72
:10A520004A46436A01001A4200D130E142461A42CB
:10A5300000D16FE11343436201222000E36B98478F
:10A54000002800D072E15046FFF702FD4A46436AF8
:10A5500005001A4200D11AE142461A4200D05FE1DA
:10A5600072B6BE225200B358002BFCD0BFF35F8FEF
:10A570002B6A002B00DABDE143466A6A134200D120
:10A5800091E16A682B6813605A602200236A1432D2
:10A59000EB60AA609D60002325622B616B61013333
:10A5A0006B62A36B0133A363002B00DC8FE12B6A8A
:10A5B00001332B6233689B005B445B681A68DB687D
:10A5C00092689B689A4201D9F7F7A2FDBFF35F8FAB
:10A5D000BE235B00F65062B67C3BFF3B9C46E244E8
:10A5E0005346082B99D13A493B48FBF781FF002895
:10A5F00000D0C6E005233B60013B9846D0260433DB
:10A60000994636064046FFF7A3FC0222436A05003E
:10A610001A4200D1BBE04A461A4092464A461A42C4
:10A6200000D0FDE072B6BE225200B358002BFCD021
:10A63000BFF35F8F2B6A002B00DA9CE14A466B6AFE
:10A640001A4200D166E16A682B6813605A602200E2
:10A65000236A1432EB60AA609D60002325622B619F
:10A660006B6101336B62A36B0133A363002B00DCCE
:10A6700076E12B6A01332B6233689B005B445B6895
:10A680001A68DB6892689B689A4201D9F7F740FD27
:10A69000BFF35F8FBE235B00F65062B67C3BFF3B8F
:10A6A0009C46E0444346082BACD109490948FBF7D6
:10A6B0001FFF002865D106233B60043B9946D02646
:10A6C00006339846360609E02415012008150120B6
:10A6D000540F012034EA0020840F01205046FFF778
:10A6E00037FC4A46436A05001A4250D042461A4295
:10A6F00000D18FE072B6BE225200B358002BFCD0BE
:10A70000BFF35F8F2B6A002B00DA57E143466A6A7A
:10A71000134200D115E16A682B6813605A60220069
:10A72000236A1432EB60AA609D60002325622B61CE
:10A730006B6101336B62A36B0133A363002B00DCFD
:10A7400031E12B6A01332B6233689B005B445B6809
:10A750001A68DB6892689B689A4201D9F7F7D8FCBF
:10A76000BFF35F8FBE235B00F65062B67C3BFF3BBE
:10A770009C46E2445346042BB0D198499848FBF7D5
:10A78000B7FEF0BCBB46B246A946A046F8BD0223C0
:10A79000FF33BB80934BBB60F3E79A0622D42100C2
:10A7A000E2691431AA60E960D560E56112221340C4
:10A7B000113A13436B62A36B0133A363002B00DDDB
:10A7C0000DE62200206B3032036823635A600023B9
:10A7D0004363F7F79DFE02E60223FF33BB80824B03
:10A7E000BB60CEE72100226A1431EA60A96095605F
:10A7F0002562DBE71A22A869696A01332B620368C4
:10A800000A40AB616A6218355D6000234363F7F765
:10A810007FFEE7E50223FF33BB80744BBB60B0E7EC
:10A820000223FF33BB80724BBB60AAE70223FF33D6
:10A83000BB80704BBB60A4E793061CD42100E36986
:10A840001431B360F160DE60E6611223134001222F
:10A8500013437362A36B0133A363002B00DD31E666
:10A860002200206B3032036823635A600023436365
:10A87000F7F74EFE26E62100236A1431F360B1603B
:10A880009E602662E1E71A22B069716A0133336281
:10A8900003680A40B361726218365E600023436346
:10A8A000F7F736FE11E693061CD42100E369143154
:10A8B000AB60E960DD60E5611223134001221343C0
:10A8C0006B62A36B0133A363002B00DD6FE62200F4
:10A8D000206B3032036823635A6000234363F7F729
:10A8E00017FE64E62100236A1431EB60A9609D60C5
:10A8F0002562E1E71A22A869696A01332B620368BD
:10A900000A40AB616A6218355D6000234363F7F764
:10A91000FFFD4FE69A060CD52100226A1431EA6049
:10A92000A9609560256212221340113A13436B62AD
:10A9300099E62100E2691431AA60E960D560E56119
:10A94000F1E7930627D42100E3691431AB60E96095
:10A95000DD60E56112231340012213436B62EAE6D6
:10A960002200206B3032036823635A600023436364
:10A97000F7F7CEFD7DE61A22A869696A01332B62DA
:10A9800003680A40AB616A6218355D600023436367
:10A99000F7F7BEFD70E62100236A1431EB60A96071
:10A9A0009D602562D6E72200206B30320368236366
:10A9B0005A6000234363F7F7ABFDC2E61A22A86989
:10A9C000696A01332B6203680A40AB616A62183519
:10A9D0005D6000234363F7F79BFDB5E6540F01204C
:10A9E00034EA0020300F01203C0F01207C0F0120B1
:10A9F000780F0120680F0120000000000000000017
:10AA0000F8B55E4B57469A464E464546DE4601230C
:10AA10005246E0B5136003339846594BD02499460B
:10AA20000023BE259B46574F574E24066D0072B635
:10AA30006359002BFCD0BFF35F8FF368F7603B6076
:10AA4000B3680133B360002B7ADD23689B004B446D
:10AA50005B681A68DB6892689B689A4201D9F7F7CD
:10AA600057FBBFF35F8F645162B633699C46012385
:10AA70005B4267449C46E0444346002BD7D1524694
:10AA800004240233136000213000FBF7D9F90028B9
:10AA90005FD0013C002CF6D1032352460021300048
:10AAA0001360FBF7CDF9002843D10423524613600D
:10AAB0000C3398460023D024BE259B46314F2406F4
:10AAC000B8446D0072B66359002BFCD0BFF35F8FA2
:10AAD000F368F7603B60B3680133B360002B44DD7B
:10AAE00023689B004B445B681A68DB6892689B682C
:10AAF0009A4201D9F7F70CFBBFF35F8F645162B63E
:10AB000004374745DED10523524604241360002153
:10AB10003000FBF795F900281BD0013C002CF6D142
:10AB200006235246002130001360FBF789F9002804
:10AB300015D002235246FF339380144B93600EE0EE
:10AB4000306803685E6033605B464363F7F7E0FCA0
:10AB50007BE702235246FF3393800D4B9360F0BC9A
:10AB6000BB46B246A946A046F8BD306803685E60A1
:10AB700033605B464363F7F7CBFCB1E72415012054
:10AB80000815012098200120641401209C0F012049
:10AB9000900F0120000000000000000000000000F5
:10ABA000012310B5064C074907482360FBF748F915
:10ABB000002804D00223FF33A380044BA36010BD00
:10ABC00024150120A0860100641401209C0F01209F
:10ABD000814BF0B557469A464E464546DE46012320
:10ABE0005246E0B5136000237C4E0822F360B36147
:10ABF000B360043398467A4BD02499460023BE258F
:10AC00009B463261774F043A8FB07261366076604E
:10AC100024066D0072B66359002BFCD0BFF35F8F22
:10AC2000F368F7603B60B3680133B360002B00DC6E
:10AC3000C8E023689B004B445B681A68DB68926835
:10AC40009B689A4201D9F7F763FABFF35F8F6451AB
:10AC500062B633699C4601235B4267449C46E044EC
:10AC60004346002BD6D1604B00211A00F361B3623A
:10AC70007362434610323262F36242463023F2542A
:10AC8000330034337363B36333003C335246F363AE
:10AC9000336402230CA81360082203F0D3FA534B49
:10ACA000534D0793534B0893D933FF3309932368CC
:10ACB0009B004B445B68DB689B680B95013B0A93E8
:10ACC00072B6D024BE2724067F00E359002BFCD0A7
:10ACD000BFF35F8F07A8F8F78BFD00218046F8F7D8
:10ACE000F7FBBFF35F8FE45162B60822002105A88D
:10ACF00003F0A8FA404B0093404B0193D933FF3344
:10AD0000029323689B004B445B68DB689B68049557
:10AD1000023B039372B6D024BE2524066D0063590E
:10AD2000002BFCD0BFF35F8F6846F8F761FD002170
:10AD30008146F8F7CDFBBFF35F8F645162B6032302
:10AD40005246350061242E4F13601C35012130001E
:10AD50004942FBF775F800224460010007600134A6
:10AD60002800FAF7DDFC692CF0D1012104235246BA
:10AD70003000494213600024FBF762F80022010012
:10AD8000046044602800FAF7CBFC012130004942FE
:10AD9000FBF756F800220100046044602800FAF72F
:10ADA000BFFC4046F8F7ECFF4846F8F7E9FF1549C5
:10ADB0001548FBF79DFB0FB0F0BCBB46B246A94659
:10ADC000A046F0BD306803685E6033605B46436355
:10ADD000F7F79EFB2DE7C04624150120541F0120E4
:10ADE00008150120341F0120981F0120AC0F0120FD
:10ADF00001A1002050210120B80F012028230120AB
:10AE0000C19E0020540F0120840F0120000000008B
:10AE1000F8B5344B45469846DE464E460023574625
:10AE20004246E0B51370304BD0249B460E23BE251E
:10AE3000994624066D0072B66359002BFCD0BFF30F
:10AE40005F8F23689B005B445B68DB681F00DE6BE1
:10AE50003C379A46BE4232D052463368D3635F6075
:10AE60000D233377BFF35F8F645162B6736B5868FD
:10AE70001B689847010072B66359002BFCD0BFF3E2
:10AE80005F8F3000F8F724FBBFF35F8F645162B629
:10AE900043461B78002BCED072B6D021BE220906C5
:10AEA00052008B58002BFCD0BFF35F8F0F48F8F790
:10AEB0008FFDF0BCBB46B246A946A046F8BD4A4647
:10AEC00023689B005B445B68D9680A77186802684E
:10AED0001A60536001220277D860F5F795F953465E
:10AEE000DE6BB9E7F01E012008150120A50F000058
:10AEF0000123F0B5D0248DB0434F082200210AA8C9
:10AF00003B6003F09FF9414B24060593404B2268B8
:10AF10000693D933FF3307933E4B92009B185B682F
:10AF2000DB689B68013308933B4B099372B6BE25DF
:10AF30006D006359002BFCD0BFF35F8F05A8F8F7B5
:10AF400057FC00210600F8F7C3FABFF35F8F645186
:10AF500062B60223314C30002100314A3B60FAF7DF
:10AF6000AFFF304B984247D1412330002E4A2F4942
:10AF7000FAF7A6FF41283FD14323300000932C4A23
:10AF80002C49013BFAF79CFF422835D14623019317
:10AF9000013B00933000284A2849013BFAF790FF13
:10AFA000442829D14A230293013B0193013B00939A
:10AFB0003000234A2349013BFAF782FF47281BD17F
:10AFC00021003000204AFAF77BFF204B984213D132
:10AFD0001F492048FBF78CFA002812D103233000C8
:10AFE0003B60F8F7CDFE1C4B98420AD00223FF339A
:10AFF000BB801A4BBB6004E00223FF33BB80184BBD
:10B00000BB600DB0F0BDC04624150120C40F012067
:10B01000002501200815012011AE00202109002083
:10B02000E19B0020AA550000019C0020310900206E
:10B03000219C002051090020519C00207109002012
:10B04000919C002091090020E19C002055AA00005D
:10B05000540F0120E80F0120A50F0000F80F012078
:10B06000D00F0120000000000000000000000000E0
:10B07000F8B53C4F0123D022BE21042538003A4EBA
:10B080003A4C33601206490072B65358002BFCD07C
:10B09000BFF35F8F236820600360BFF35F8F525060
:10B0A00062B66368013D9C466044002DECD10223EA
:10B0B000043533602000FAF79BFE002846D0013D9E
:10B0C000002DF7D1032320003360FAF791FE00280A
:10B0D00042D104233D00D022BE2133601035120638
:10B0E000490072B65358002BFCD0BFF35F8F236822
:10B0F00027603B60BFF35F8F525062B60437AF42A8
:10B10000EFD10523042533602000FAF771FE0028F3
:10B110001CD0013D002DF7D1062320003360FAF743
:10B1200067FE002818D107233360033B6360A360E8
:10B130000F4B20002560E360FAF75AFE00280AD082
:10B140000223FF33B3800B4BB36004E00223FF33D1
:10B15000B380094BB360F8BD0223FF33B380074BC4
:10B16000B360F8E798200120241501208014012005
:10B17000319D00200C100120900F01209C0F012018
:10B18000F8B501231D4F3B6072B6D024BE252406BE
:10B190006D006359002BFCD0BFF35F8F184E300059
:10B1A000F9F7C6FDBFF35F8F645162B63300083B09
:10B1B0001B68002BFCD13000F9F792FE0822102109
:10B1C0001048FAF755FC00280BD0FAF769FD022366
:10B1D000082200200C493B60FAF74AFC002806D1FF
:10B1E000F8BD0223FF33BB80084BBB60F8E70223A6
:10B1F000FF33BB80064BBB60F2E7C046241501203D
:10B2000060150120A820012000FFFFFF2810012069
:10B210003C100120000000000000000000000000C1
:10B2200070B572B6D024BE2524066D006359002B7C
:10B23000FCD0BFF35F8F174E30001430F9F778FD64
:10B24000BFF35F8F645162B6B3687468581E3300F1
:10B250000C331B68002207212018002B11D09A42C2
:10B2600011D20B420FD15A68D20007329A1893427A
:10B2700009D8A34207D3904205D31A001B68002BBC
:10B28000EDD1002400E0012430001430F9F728FE4D
:10B29000200070BDA8200120000000000000000078
:10B2A000F0B54546DE4657464E460123E0B5DF4D34
:10B2B00087B0DF4C0022280002A92360FAF750FD76
:10B2C000012800D0ACE1FFF7ABFF002800D09BE1E4
:10B2D000802102230822280049002360FAF7C8FBD6
:10B2E000002800D0B2E1FFF79BFF002800D08BE1DF
:10B2F00003230822102128002360FAF7B9FB002855
:10B3000000D1A9E1FAF7CCFCFFF78AFF002800D0B2
:10B310007AE10423280004AA05A92360FAF720FD96
:10B320000390012800D09DE1059B0F2B00D89FE1E1
:10B33000049A934200D09BE1FFF772FF002800D0EF
:10B3400062E105230822102128002360FAF790FB10
:10B350000822804610212800FAF78AFB08221021D3
:10B3600007002800FAF784FB06004046FAF798FC2D
:10B370003800FAF795FC3000FAF792FC03A9002296
:10B380002800FAF7EDFCAB4B013898464342584190
:10B390004146C0B2FAF734FE002800D039E1FFF789
:10B3A0003FFF0126A44F70403900C0B2FAF728FED3
:10B3B0008146031E00D02CE106330822102128000C
:10B3C0002360FAF755FB0822824610212800FAF77D
:10B3D0004FFB8346082210212800FAF749FBFAF7B1
:10B3E0005FFC5846FAF75CFC5046FAF759FC03A993
:10B3F0004A462800FAF7B4FC013843425841414616
:10B40000C0B2FAF7FDFD002800D002E1FFF708FF07
:10B4100070403900C0B2FAF7F3FD8146031E00D038
:10B42000F7E007330822112128002360FAF720FBF8
:10B430000822824610212800FAF71AFB0090504695
:10B44000FAF72EFC4A4603A92800FAF789FC7B4B41
:10B4500002389A46434258415146C0B2FAF7D0FDED
:10B460008146002800D0D4E0082210212800FAF7F5
:10B47000FFFA4A46834603A92800FAF771FC330015
:10B48000B04207D04A46280003A9FAF769FC831E98
:10B490005A4253410126334018004146FAF7B0FDA5
:10B4A0008146002800D0B4E00098FAF7F9FB58462E
:10B4B000FAF7F6FB03A94A462800FAF751FC0138CF
:10B4C000434258414146C0B2FAF79AFD002800D0E5
:10B4D0009FE0FFF7A5FE70403900C0B2FAF790FD7B
:10B4E0008346031E00D094E008331A001021280080
:10B4F00099462360FAF7BCFA4A46102101902800C9
:10B50000FAF7B6FA00900198FAF7CAFB5A4603A96F
:10B510002800FAF725FC0238434258415146C0B290
:10B52000FAF76EFD8246002873D14A462021280092
:10B53000FAF79EFAFAF7B4FB0098FAF7B1FB03A901
:10B5400052462800FAF70CFC013843425841414664
:10B55000C0B2FAF755FD00285BD1FFF761FE7040DD
:10B560003900C0B2FAF74CFD021E52D1092303A9DB
:10B5700028002360FAF7F4FB4A4603992800FAF7FB
:10B5800077FA8146431E98412D49C0B2FAF738FD3B
:10B59000011E3ED102002800FAF7E2FB4342584167
:10B5A0002849C0B2FAF72CFD002832D14846FAF7F4
:10B5B00077FBFFF735FE70403900C0B2FAF720FD87
:10B5C000021E26D10A2303A928002360FAF7C8FB2C
:10B5D0000138434258414146C0B2FAF711FD0028F4
:10B5E00017D1039B029A1849981A43425841C0B296
:10B5F000FAF706FD00280CD1FFF712FE7040390063
:10B60000C0B2FAF7FDFC04E00223FF33A3800A4B2B
:10B61000A36007B0F0BCBB46B246A946A046F0BD49
:10B620000223FF33A380034BA360F2E7A82001208D
:10B6300024150120A0EC00205410012094100120BA
:10B640002810012080ED0020A41001200223FF33E8
:10B65000A3800A4BA360DCE70223FF33A380084BDF
:10B66000A360D6E70223FF33A380064BA360D0E795
:10B670000223FF33A380044BA360CAE73C100120E0
:10B6800028100120681001207C100120000000001B
:10B69000F8B5040072B6D025BE262D067600AB594B
:10B6A000002BFCD0BFF35F8F104F3800F9F740FB41
:10B6B000BFF35F8FAD5162B63B0044331A0001E027
:10B6C0009C4207D019001B689342F9D13800F9F762
:10B6D00007FCF8BD6368013B6360002BF6D123686B
:10B6E00020000B60FAF7DCFAF0E7C046801E01206C
:10B6F000F8B5040072B6D025BE262D067600AB59EB
:10B70000002BFCD0BFF35F8F104F3800F9F710FB10
:10B71000BFF35F8FAD5162B63B0040331A0001E0CA
:10B720009C4207D019001B689342F9D13800F9F701
:10B73000D7FBF8BD6368013B6360002BF6D123683B
:10B7400020000B60FAF7ACFAF0E7C046801E01203B
:10B75000F8B5040072B6D025BE262D067600AB598A
:10B76000002BFCD0BFF35F8F104F3800F9F7E0FAE1
:10B77000BFF35F8FAD5162B63B003C331A0001E06E
:10B780009C4207D019001B689342F9D13800F9F7A1
:10B79000A7FBF8BD6368013B6360002BF6D123680B
:10B7A00020000B60FAF77CFAF0E7C046801E01200B
:10B7B000F8B5050072B6D024BE2624067600A3593B
:10B7C000002BFCD0BFF35F8F174F3800F9F7B0FAAA
:10B7D000BFF35F8FA45162B63B0028331A0001E02B
:10B7E0009D4207D019001B689342F9D13800F9F740
:10B7F00077FBF8BD5A68013A5A60002AF6D11A68F8
:10B800000A6072B6D021BE20090640000A58002AFC
:10B81000FCD0BFF35F8FFA6A1A60FB62BFF35F8FE1
:10B82000095062B6E2E7C046801E01200000000019
:10B83000F8B5040072B6D025BE262D067600AB59A9
:10B84000002BFCD0BFF35F8F104F3800F9F770FA70
:10B85000BFF35F8FAD5162B63B0024331A0001E0A5
:10B860009C4207D019001B689342F9D13800F9F7C0
:10B8700037FBF8BD6368013B6360002BF6D123689A
:10B8800020000B60FAF70CFAF0E7C046801E01209A
:10B89000F8B5050072B6D024BE2624067600A3595A
:10B8A000002BFCD0BFF35F8F174F3800F9F740FA39
:10B8B000BFF35F8FA45162B63B0010331A0001E062
:10B8C0009D4207D019001B689342F9D13800F9F75F
:10B8D00007FBF8BD5A68013A5A60002AF6D11A6887
:10B8E0000A6072B6D021BE20090640000A58002A1C
:10B8F000FCD0BFF35F8F7A691A607B61BFF35F8F03
:10B90000095062B6E2E7C046801E01200000000038
:10B91000F8B572B6D024BE2524066D006359002BFD
:10B92000FCD0BFF35F8F224E3000F9F701FABFF36E
:10B930005F8F645162B63500B46A2835AC4213D0CB
:10B940001C4F02E02468AC420ED0200039000830C1
:10B95000F4F77EFC0028F5D1002C05D0002430003F
:10B96000F9F7BEFA2000F8BD30002C30FAF740FAA3
:10B97000041EF3D06D230372030079210E4A0933AC
:10B98000103001321970002907D00133984204D0D9
:10B990001178013219700029F7D101236360B36A6D
:10B9A00023600023B46220616061A361D7E7C046D1
:10B9B000801E0120B4100120B510012000000000FD
:10B9C000F0B5C64600B572B6D024BE2524066D007B
:10B9D0006359002BFCD0BFF35F8F304B18009846A3
:10B9E000F9F7A6F9BFF35F8F645162B64346454647
:10B9F0005C6C4435AC424CD0294E02E02468AC4229
:10BA000047D0200031000830F4F722FC0028F5D19F
:10BA1000002C3ED06368404601336360F9F760FA5A
:10BA20006368002B21D0D025BE2647462D06760020
:10BA3000443772B6AB59002BFCD0BFF35F8F404642
:10BA4000F9F776F9BFF35F8FAD5162B643464433E1
:10BA500001E09C420CD01A001B68BB42F9D1404661
:10BA6000F9F73EFA6368002BE3D180BCB846F0BD1D
:10BA70006368013B6360002BF1D1236820001360F1
:10BA8000FAF70EF94046F9F72BFA6368002BD0D18C
:10BA9000EBE74046F9F724FAE7E7C046801E0120AD
:10BAA000BC100120000000000000000000000000A9
:10BAB000F8B572B6D024BE2524066D006359002B5C
:10BAC000FCD0BFF35F8F174E3000F9F731F9BFF3A9
:10BAD0005F8F645162B6350034691035AC421DD0B9
:10BAE000114F02E02468AC4218D020003900083021
:10BAF000F4F7AEFB0028F5D1002C0FD063683000BE
:10BB000001336360F9F7ECF96368002B05D020007E
:10BB1000FFF7BEFE6368002BF9D1F8BD3000F9F7DE
:10BB2000DFF9FAE7801E0120C410012000000000A8
:10BB3000F0B5C64600B572B6D024BE2524066D0009
:10BB40006359002BFCD0BFF35F8F304B1800984631
:10BB5000F9F7EEF8BFF35F8F645162B6434645468E
:10BB60005C6A2435AC424CD0294E02E02468AC42D9
:10BB700047D0200031000830F4F76AFB0028F5D1E7
:10BB8000002C3ED06368404601336360F9F7A8F9A2
:10BB90006368002B21D0D025BE2647462D067600AF
:10BBA000243772B6AB59002BFCD0BFF35F8F4046F1
:10BBB000F9F7BEF8BFF35F8FAD5162B64346243349
:10BBC00001E09C420CD01A001B68BB42F9D14046F0
:10BBD000F9F786F96368002BE3D180BCB846F0BD65
:10BBE0006368013B6360002BF1D123682000136080
:10BBF000FAF756F84046F9F773F96368002BD0D18D
:10BC0000EBE74046F9F76CF9E7E7C046801E0120F4
:10BC1000CC10012000000000000000000000000027
:10BC2000F8B572B6D024BE2524066D006359002BEA
:10BC3000FCD0BFF35F8F174E3000F9F779F8BFF3F0
:10BC40005F8F645162B63500B46A2835AC421DD0AE
:10BC5000114F02E02468AC4218D0200039000830AF
:10BC6000F4F7F6FA0028F5D1002C0FD06368300005
:10BC700001336360F9F734F96368002B05D02000C5
:10BC8000FFF796FD6368002BF9D1F8BD3000F9F796
:10BC900027F9FAE7801E0120B410012000000000FF
:10BCA000F0B5C64600B572B6D024BE2524066D0098
:10BCB0006359002BFCD0BFF35F8F304B18009846C0
:10BCC000F9F736F8BFF35F8F645162B643464546D5
:10BCD000DC6B3C35AC424CD0294E02E02468AC42CF
:10BCE00047D0200031000830F4F7B2FA0028F5D12F
:10BCF000002C3ED06368404601336360F9F7F0F8EA
:10BD00006368002B21D0D025BE2647462D0676003D
:10BD10003C3772B6AB59002BFCD0BFF35F8F404667
:10BD2000F9F706F8BFF35F8FAD5162B643463C3377
:10BD300001E09C420CD01A001B68BB42F9D140467E
:10BD4000F9F7CEF86368002BE3D180BCB846F0BDAC
:10BD50006368013B6360002BF1D12368200013600E
:10BD6000F9F79EFF4046F9F7BBF86368002BD0D186
:10BD7000EBE74046F9F7B4F8E7E7C046801E01203C
:10BD8000D4100120000000000000000000000000AE
:10BD9000F0B5C64600B572B6D024BE2524066D00A7
:10BDA0006359002BFCD0BFF35F8F304B18009846CF
:10BDB000F8F7BEFFBFF35F8F645162B64346454656
:10BDC0001C6C4035AC424CD0294E02E02468AC4299
:10BDD00047D0200031000830F4F73AFA0028F5D1B6
:10BDE000002C3ED06368404601336360F9F778F871
:10BDF0006368002B21D0D025BE2647462D0676004D
:10BE0000403772B6AB59002BFCD0BFF35F8F404672
:10BE1000F8F78EFFBFF35F8FAD5162B643464033F4
:10BE200001E09C420CD01A001B68BB42F9D140468D
:10BE3000F9F756F86368002BE3D180BCB846F0BD33
:10BE40006368013B6360002BF1D12368200013601D
:10BE5000F9F726FF4046F9F743F86368002BD0D185
:10BE6000EBE74046F9F73CF8E7E7C046801E0120C3
:10BE7000DC100120000000000000000000000000B5
:10BE8000F8B572B6D024BE2524066D006359002B88
:10BE9000FCD0BFF35F8F124E3000F8F749FFBFF3BD
:10BEA0005F8F645162B63500746C4435AC4215D076
:10BEB0000C4F02E02468AC4210D02000390008305A
:10BEC000F4F7C6F90028F5D1002C02D063680133DD
:10BED00063603000F9F704F82000F8BD0024F8E7AB
:10BEE000801E0120BC1001200000000000000000A6
:10BEF000F8B572B6D024BE2524066D006359002B18
:10BF0000FCD0BFF35F8F124E3000F8F711FFBFF384
:10BF10005F8F645162B63500346C4035AC4215D049
:10BF20000C4F02E02468AC4210D0200039000830E9
:10BF3000F4F78EF90028F5D1002C02D063680133A4
:10BF400063603000F8F7CCFF2000F8BD0024F8E76C
:10BF5000801E0120DC100120000000000000000015
:10BF6000F8B572B6D024BE2524066D006359002BA7
:10BF7000FCD0BFF35F8F124E3000F8F7D9FEBFF34D
:10BF80005F8F645162B63500F46B3C35AC4215D01E
:10BF90000C4F02E02468AC4210D020003900083079
:10BFA000F4F756F90028F5D1002C02D0636801336C
:10BFB00063603000F8F794FF2000F8BD0024F8E734
:10BFC000801E0120D41001200000000000000000AD
:10BFD000F8B572B6D024BE2524066D006359002B37
:10BFE000FCD0BFF35F8F124E3000F8F7A1FEBFF315
:10BFF0005F8F645162B63500B46A2835AC4215D003
:10C000000C4F02E02468AC4210D020003900083008
:10C01000F4F71EF90028F5D1002C02D06368013333
:10C0200063603000F8F75CFF2000F8BD0024F8E7FB
:10C03000801E0120B410012000000000000000005C
:10C04000F0B50123C646444E00B5336072B6D02425
:10C05000BE2524066D006359002BFCD0BFF35F8F13
:10C060003E4F3800F8F764FEBFF35F8F645162B64D
:10C070003D00BC6A2835AC421CD0394B984602E0E2
:10C080002468AC4216D0200041460830F4F7E0F8AE
:10C090000028F5D1002C0DD06368380001336360AF
:10C0A000F8F71EFF0223FF33B3802E4BB36080BC32
:10C0B000B846F0BD3800F8F713FF02233360FFF7EE
:10C0C00027FC041E29D003253560FFF721FC00283A
:10C0D00029D104233360FFF77BFF002829D0844255
:10C0E0002DD16368022B2AD120006560FFF760FB29
:10C0F0006368022B29D12000FFF75AFB6368012BEC
:10C1000023D1043320003360FFF752FB0623336052
:10C11000FFF75EFF0028CAD0C4E70223FF33B380D5
:10C12000114BB360C3E70223FF33B3800F4BB360FF
:10C13000BDE70223FF33B3800D4BB360B7E70223A3
:10C14000FF33B3800B4BB360B1E70223FF33B380FF
:10C15000094BB360ABE7C04624150120801E0120C7
:10C16000B410012004110120E4100120F41001207A
:10C17000001101200C1101202811012000000000F5
:10C18000F8B572B6D024BE2524066D006359002B85
:10C19000FCD0BFF35F8F124E3000F8F7C9FDBFF33C
:10C1A0005F8F645162B63500746A2435AC4215D095
:10C1B0000C4F02E02468AC4210D020003900083057
:10C1C000F4F746F80028F5D1002C02D0636801335B
:10C1D00063603000F8F784FE2000F8BD0024F8E723
:10C1E000801E0120CC100120000000000000000093
:10C1F000F8B572B6D024BE2524066D006359002B15
:10C20000FCD0BFF35F8F124E3000F8F791FDBFF303
:10C210005F8F645162B6350034691035AC4215D079
:10C220000C4F02E02468AC4210D0200039000830E6
:10C23000F4F70EF80028F5D1002C02D06368013322
:10C2400063603000F8F74CFE2000F8BD0024F8E7EA
:10C25000801E0120C410012000000000000000002A
:10C26000F0B5C646804600B572B6D024BE25240679
:10C270006D006359002BFCD0BFF35F8F214F380056
:10C28000F8F756FDBFF35F8F645162B63D003C691D
:10C290001035AC4215D01C4E02E02468AC4210D0E0
:10C2A000200031000830F3F7D3FF0028F5D1002C2F
:10C2B00007D000243800F8F713FE200080BCB846F1
:10C2C000F0BD38001430F9F793FD041EF1D06D2352
:10C2D0000372030079210D4A0933103001321970BD
:10C2E000002907D00133984204D011780132197027
:10C2F0000029F7D1012363603B69236043463C6119
:10C300002361D7E7801E0120C4100120C510012041
:10C31000F0B50123C646514E00B5336072B6D02445
:10C32000BE2524066D006359002BFCD0BFF35F8F40
:10C330004B4F3800F8F7FCFCBFF35F8F645162B6D7
:10C340003D003C691035AC421CD0464B984602E09B
:10C350002468AC4216D0200041460830F3F778FF3D
:10C360000028F5D1002C0DD06368380001336360DC
:10C37000F8F7B6FD0223FF33B3803B4BB36080BCBC
:10C38000B846F0BD3800F8F7ABFD022337483360FC
:10C39000FFF766FF041E3DD0032535483560FFF7E3
:10C3A0005FFF00283CD104233360FFF721FF002802
:10C3B0003CD002692F4913688B4243D184423BD160
:10C3C0006168022938D1656012689A423AD120002A
:10C3D000FFF75EFA6368022B3AD12000FFF758FAA4
:10C3E00063682549581E43425841C0B2F9F708FE18
:10C3F0000028C4D1052320003360FFF749FA062343
:10C400003360FFF7F5FE434258411749C0B2F9F7D0
:10C41000F7FDB4E70223FF33B380184BB360AEE7F8
:10C420000223FF33B380164BB360A8E70223FF3328
:10C43000B380144BB360A2E70223FF33B380124BE7
:10C44000B3609CE70223FF33B380104BB36096E7E1
:10C450000223FF33B380084BB36090E7241501201B
:10C46000801E0120C4100120041101209414012019
:10C4700090140120AA550000281101203C11012030
:10C480004C110120001101200C1101205C11012030
:10C4900070B572B6D024BE2524066D006359002BFA
:10C4A000FCD0BFF35F8F184E3000F8F741FCBFF3AC
:10C4B0005F8F645162B63100082370221348443103
:10C4C000F9F70EFD041E19D0030060330361C36148
:10C4D00083611033242243610023036283540200EA
:10C4E000303202634263103202644264103283626B
:10C4F000C362836383640265426583653000F8F735
:10C50000EFFC200070BDC046801E0120BC10012041
:10C51000F0B50123C646444E00B5336072B6D02450
:10C52000BE2524066D006359002BFCD0BFF35F8F3E
:10C530003E4F3800F8F7FCFBBFF35F8F645162B6E3
:10C540003D007C6C4435AC421CD0394B984602E02F
:10C550002468AC4216D0200041460830F3F778FE3C
:10C560000028F5D1002C0DD06368380001336360DA
:10C57000F8F7B6FC0223FF33B3802E4BB36080BCC8
:10C58000B846F0BD3800F8F7ABFC02233360FFF784
:10C590007FFF041E29D003253560FFF779FF0028AF
:10C5A00029D104233360FFF76BFC002829D0844293
:10C5B0002DD16368022B2AD120006560FFF768F84F
:10C5C0006368022B29D12000FFF762F86368012B12
:10C5D00023D1043320003360FFF75AF80623336079
:10C5E000FFF74EFC0028CAD0C4E70223FF33B38014
:10C5F000114BB360C3E70223FF33B3800F4BB3602B
:10C60000BDE70223FF33B3800D4BB360B7E70223CE
:10C61000FF33B3800B4BB360B1E70223FF33B3802A
:10C62000094BB360ABE7C04624150120801E0120F2
:10C63000BC10012004110120E4100120F41001209D
:10C64000001101200C110120281101200000000020
:10C65000F0B5DE4657464E464546E0B583B072B665
:10C66000D024BE2524066D006359002BFCD0BFF3F7
:10C670005F8F414B18009A46F8F75AFBBFF35F8F64
:10C68000645162B6CA22514604233C4840315200EC
:10C69000F9F726FC061E5AD054239C468444634670
:10C6A000009394239C4684446346019310239B4645
:10C6B00000231022C3618362836110339846834450
:10C6C0002F4B02620C3AD024BE2542625A4667467E
:10C6D00099460261426124066D0072B66359002BCF
:10C6E000FCD0BFF35F8FF3693B60B369F76101333F
:10C6F000B361002B36DD23689B004B445B681A68EE
:10C70000DB6892689B689A4201D9F5F701FDBFF397
:10C710005F8F645162B6336A9C4601235B42674473
:10C720009C46E0444346002BD7D1009B019AF3621C
:10C73000B36373634346F3633300326342462C337F
:10C740001A7518337364B3640833F3643365504661
:10C75000F8F7C6FB300003B0F0BCBB46B246A946B2
:10C76000A046F0BD5A463069036833615A60002321
:10C770004363F5F7CDFEBEE7801E0120DC100120EB
:10C78000081501200000000000000000000000006B
:10C79000F0B50123C646444E00B5336072B6D024CE
:10C7A000BE2524066D006359002BFCD0BFF35F8FBC
:10C7B0003E4F3800F8F7BCFABFF35F8F645162B6A2
:10C7C0003D003C6C4035AC421CD0394B984602E0F1
:10C7D0002468AC4216D0200041460830F3F738FDFB
:10C7E0000028F5D1002C0DD0636838000133636058
:10C7F000F8F776FB0223FF33B3802E4BB36080BC87
:10C80000B846F0BD3800F8F76BFB02233360FFF742
:10C810001FFF041E29D003253560FFF719FF0028EC
:10C8200029D104233360FFF763FB002829D0844219
:10C830002DD16368022B2AD120006560FEF758FFD6
:10C840006368022B29D12000FEF752FF6368012B99
:10C8500023D1043320003360FEF74AFF0623336000
:10C86000FFF746FB0028CAD0C4E70223FF33B3809A
:10C87000114BB360C3E70223FF33B3800F4BB360A8
:10C88000BDE70223FF33B3800D4BB360B7E702234C
:10C89000FF33B3800B4BB360B1E70223FF33B380A8
:10C8A000094BB360ABE7C04624150120801E012070
:10C8B000DC10012004110120E4100120F4100120FB
:10C8C000001101200C11012028110120000000009E
:10C8D00070B572B6D024BE2524066D006359002BB6
:10C8E000FCD0BFF35F8F144E3000F8F721FABFF38E
:10C8F0005F8F645162B63100082378220F483C31C3
:10C90000F9F7EEFA041E12D0030002003833783231
:10C9100003614261C3618361242200230362835463
:10C92000030028338362C362083303634363300028
:10C93000F8F7D6FA200070BD801E0120D410012027
:10C94000F0B50123C646444E00B5336072B6D0241C
:10C95000BE2524066D006359002BFCD0BFF35F8F0A
:10C960003E4F3800F8F7E4F9BFF35F8F645162B6C9
:10C970003D00FC6B3C35AC421CD0394B984602E084
:10C980002468AC4216D0200041460830F3F760FC22
:10C990000028F5D1002C0DD06368380001336360A6
:10C9A000F8F79EFA0223FF33B3802E4BB36080BCAE
:10C9B000B846F0BD3800F8F793FA02233360FFF76A
:10C9C00087FF041E29D003253560FFF781FF00286B
:10C9D00029D104233360FFF7C3FA002829D0844209
:10C9E0002DD16368022B2AD120006560FEF7B0FECE
:10C9F0006368022B29D12000FEF7AAFE6368012B91
:10CA000023D1043320003360FEF7A2FE06233360F7
:10CA1000FFF7A6FA0028CAD0C4E70223FF33B38089
:10CA2000114BB360C3E70223FF33B3800F4BB360F6
:10CA3000BDE70223FF33B3800D4BB360B7E702239A
:10CA4000FF33B3800B4BB360B1E70223FF33B380F6
:10CA5000094BB360ABE7C04624150120801E0120BE
:10CA6000D410012004110120E4100120F410012051
:10CA7000001101200C1101202811012000000000EC
:10CA8000F8B5CE4647460123684E80B5336072B68E
:10CA9000D024BE2524066D006359002BFCD0BFF3C3
:10CAA0005F8F634F3800F8F743F9BFF35F8F64512E
:10CAB00062B63D005F4B7C6A24359846AC4203D198
:10CAC0001AE02468AC4217D0200041460830F3F742
:10CAD000BFFB0028F5D1002C0ED06368380001336D
:10CAE0006360F8F7FDF90223FF33B380524BB36064
:10CAF000C0BCB946B046F8BD3800F8F7F1F90223DA
:10CB0000336072B6D024BE2524066D006359002B15
:10CB1000FCD0BFF35F8F3800F8F70AF9BFF35F8FDF
:10CB2000645162B639000823902240462431F9F757
:10CB3000D7F9814600285ED080220021103001F014
:10CB400081FB3800F8F7CCF90323336072B6D024A8
:10CB5000BE2524066D006359002BFCD0BFF35F8F08
:10CB60003800F8F7E5F8BFF35F8F645162B639001B
:10CB70000823902240462431F9F7B2F900280DD05D
:10CB800080220021103001F05DFB3800F8F7A8F991
:10CB90000223FF33B380294BB360A9E73800F8F7CD
:10CBA0009FF904233360FFF7EBFA002832D04845A1
:10CBB0002AD14B465B68022B26D14A46013353608B
:10CBC0004846FEF735FE4B465B68022B28D14846A7
:10CBD000FEF72EFE4B465B68012B21D104334846FD
:10CBE0003360FEF725FE06233360FFF7C9FA0028FD
:10CBF00000D17DE777E73800F8F772F90223FF33B9
:10CC0000B3800F4BB36073E70223FF33B3800D4B48
:10CC1000B3606DE70223FF33B3800B4BB36067E76C
:10CC20000223FF33B380094BB36061E72415012071
:10CC3000801E0120CC10012004110120F4100120DD
:10CC4000E41001200C110120001101202811012005
:10CC500070B5D024802524062268074B92009B18CB
:10CC60005B68064ADB68064E1A62AD043000F7F7CF
:10CC7000F7FDE561FAE7C046081501206C110120B7
:10CC8000301E012000000000000000000000000035
:10CC9000F0B5D024C646240623681E4E9B00F31828
:10CCA0005B681D4ADB6800B51A621C4BBE259846BE
:10CCB0001B4F88B06D0072B66359002BFCD0BFF3D8
:10CCC0005F8F236842469B00F3185B681549DB6859
:10CCD00002A8F5F78DF9082223689B00F3185B681A
:10CCE000D9680A77186802681A60536001220277CF
:10CCF000D860F3F789FA029B0193002B02D002A8B7
:10CD0000F5F7BEF9BFF35F8F645162B63800F7F7ED
:10CD100077FFD0E70815012074110120411500208C
:10CD2000301E012020A107000000000000000000CC
:10CD300000228321D84BF0B51B609A605B60D74B13
:10CD40008900D962D64BD7499A67AA23D64A1B01D4
:10CD500013602F23D360D54B8BB019605368002B21
:10CD6000FCDA0122D24B1A60CD4A536C012BFCD164
:10CD70000322D04B1A60CA4A936B012BFCD1C0220C
:10CD8000CD4B92011A60CD4BCD491A6010008B68D3
:10CD90009843031EFAD10120CA49404248608B6083
:10CDA00001330B607C338B60C74B1A432123136024
:10CDB0000B68002BFCDAC423DB02CB600823136072
:10CDC000C24A093B53600023936001331360C0499A
:10CDD00027339360073B0B601368002BFCDAA42316
:10CDE000DB02D36008230B60BA4B02211A00042037
:10CDF000FCF7F6FFB84B01211A000520FCF7F0FF05
:10CE0000B64B00211A000720FCF7EAFFB34B0021C4
:10CE10001A000820FCF7E4FF00210920B04BAF4ABC
:10CE2000FCF7DEFFAC4B00211A000620FCF7D8FF10
:10CE30000221A34A13688B43136093681942FCD004
:10CE40001368A8490B40802113609D4A0903936829
:10CE50000B42FCD01368A4490B4013608022984910
:10CE6000D2028B681342FCD0D0230024002501217C
:10CE700002209E4E1B06002C01D115E020BF1A6D2A
:10CE80001042FBD05C6540BF1A6D114203D120BF38
:10CE90001A6D1142FBD09A6D40BF94420AD01A6DB0
:10CEA0000025114203D09A6D1A6D1142FBD140BF8B
:10CEB0000024E4E70135052D02D8AA00B458DAE7CA
:10CEC00020217F4A13688B43136093681942FCD07A
:10CED000136887490B4080211360794A49009368A1
:10CEE0000B42FCD0002301208249834C834DCB6050
:10CEF00008710C608B600B614B618B61CB610B62C5
:10CF00004B628D6280211568C903294311607C49F9
:10CF100004270C607B4CCB6008718B600B614B610C
:10CF20008B61CB610B624B628C62802114680904B7
:10CF3000214311600621744A136053609360D360EB
:10CF4000724A734ED16209315360136013615361A9
:10CF50009361D36193635163012252427360B36062
:10CF6000F36004920593002206930793002308922E
:10CF70000993307004A8F7F743FC013F04A8F7F7C2
:10CF800047FC002FF6D1049B62490393F360330002
:10CF90001033614A33617361604B614819605A60B4
:10CFA000604B521A9A601A001432186059601F615F
:10CFB0005A619A61DF61DF605B4B04211A0018003F
:10CFC00010321A6124301422586218009A61574AAC
:10CFD00028309F605F61D9611A621B605B60B76136
:10CFE00098629A631A003C32DA631A0040321A647B
:10CFF0001A001C204432DF62186359635A644C499A
:10D000004C48F6F7FDFA02233370BFF35F8FD0244C
:10D01000BE2524066D00645162B680239B046362C2
:10D020000521CC23444A4548D1507022444B543109
:10D030009A66FF310097434B1032F6F721FC424FBE
:10D0400072B66359002BFCD0BFF35F8F23683A00A0
:10D050009B00F3185B683D49DB6804A8F4F7C8FF40
:10D06000082223689B00F3185B68D9680A77186860
:10D0700002681A60536001220277D860F3F7C4F89F
:10D08000049B0393002B02D004A8F4F7F9FFBFF32D
:10D090005F8F645162B6D3E7301E012000800540E7
:10D0A0000080004000B0FA000040024000600240F2
:10D0B0003CB0004030B0004000E0004000F00040D4
:10D0C00000C00040008002400480024000C00240D6
:10D0D00004F00240001BB70040597307006CDC02EB
:10D0E0001BB70000FFFFF7FFFFFFFBFF50130120FE
:10D0F000FFFEFFFF981401208C1301200040034025
:10D10000C414012000800340E015012000400540C8
:10D1100008150120D8260120000004200015012058
:10D12000D10800204C150120801E0120B1090020EB
:10D1300028130120980404200040014078050420B1
:10D1400000C0014051CC00204115002020A1070063
:10D15000F0B5CE46474680B5584D8BB02C78022CA2
:10D16000FDD157495748F6F74BFABFF35F8FD022EE
:10D17000BE2112064900525062B60123422093623A
:10D18000514E524B746058609462F460986072B66D
:10D190005358002BFCD0BFF35F8F4D4C4D4BA36019
:10D1A0002379012B6FD0E1214B4B49029869C000D4
:10D1B000F3F792F87F220240A36A0132C1095208B4
:10D1C00059629A627022DA6200221A63D96B59643A
:10D1D00042491963022121714149E1604C39996347
:10D1E000BFF35F8FD024BE2324065B00E45062B6F9
:10D1F000AC213C4B00923C488A324900F6F740FB98
:10D200003A4B3B4F1B603B4B3B4E99463B4B984642
:10D2100043464A463A490193009781230020F8F794
:10D22000B7FCF6F7ADFD72B6BE225200A358002B34
:10D23000FCD0BFF35F8F236832009B00EB185B6864
:10D240003049DB6804A8F4F7D3FE082223689B006A
:10D25000EB185B68D9680A77186802681A6053602F
:10D2600001220277D860F2F7CFFF049B0393002BD3
:10D2700002D004A8F4F704FFBFF35F8FBE235B0066
:10D28000E45062B6C4E7204B20491A680A40802166
:10D290001A60C9039A680A42FCD0C520FF211C4BC2
:10D2A00080001A588A431100C0220A431A50C02134
:10D2B0008022490052035A501A6074E70815012071
:10D2C0003C130120F01504200040014000C0014043
:10D2D0009814012070130120C81E012001030000D2
:10D2E000FC07000091CC002098140420DC150120DC
:10D2F000713A0020C8E90020411500208413012064
:10D30000D808000020A1070000C00040FFFFBFFFB9
:10D3100000E100E00000000000000000000000004C
:10D32000F0B5DE4657464E464546E0B583B08346E7
:10D33000019172B6D024BE2524066D006359002BDE
:10D34000FCD0BFF35F8F4748F7F7F2FCBFF35F8F66
:10D35000645162B6202252429446019BD0249946E1
:10D36000404BBE2563449A463E4F2406403F6D0025
:10D3700072B66359002BFCD0BFF35F8F5046F7F7AE
:10D38000D7FCBFF35F8F645162B63B691E004B450B
:10D3900000D94E469B1BF9683B617B685B1A984637
:10D3A0009E4256D34ED91A00584600F0F9FE434625
:10D3B0004046F31A98461A003968584400F0F0FEC7
:10D3C0003A68434694466344FB605046F7F788FD4D
:10D3D000002E23D04B469B1B9946B34472B663592B
:10D3E000002BFCD0BFF35F8FB869002804D0002366
:10D3F0000021BB61F6F76CF8BFF35F8F645162B632
:10D400004B46002BB4D11748F7F76AFD019803B0DB
:10D41000F0BCBB46B246A946A046F0BD72B6D022CB
:10D42000BE21120649005358002BFCD0BFF35F8F7A
:10D430001368BFF35F8F525062B64A46019B9B1A36
:10D440000193E0E73200584600F0AAFE3B68FB601B
:10D45000BBE73200584600F0A3FEFB689B19FB6057
:10D46000B3E7C04654140120000000000000000093
:10D47000F0B5DE4657464E464546E0B583B00190CE
:10D4800072B6D024BE2524066D006359002BFCD053
:10D49000BFF35F8F4848F7F74BFCBFF35F8F6451D2
:10D4A00062B6102252429446019BD0249946434BC7
:10D4B000BE259B46404B404F63449A46303F24066E
:10D4C0006D0072B66359002BFCD0BFF35F8F5046DE
:10D4D000F7F72EFCBFF35F8F645162B679683A6844
:10D4E0003B698E1AF61A4E4500D94E46B8689B190C
:10D4F0003B610B1A98469E4256D34ED91A005946A4
:10D5000000F04EFE43464146F31A98461A0038682A
:10D51000594400F045FE3A68434694466344BB6074
:10D520005046F7F7DDFC002E23D04B469B1B994657
:10D53000B34472B66359002BFCD0BFF35F8FF86918
:10D54000002804D000230021FB61F5F7C1FFBFF3E1
:10D550005F8F645162B64B46002BB2D11648F7F785
:10D56000BFFC019803B0F0BCBB46B246A946A0463A
:10D57000F0BD72B6D022BE21120649005358002BCE
:10D58000FCD0BFF35F8F1368BFF35F8F525062B65A
:10D590004A46019B9B1A0193E0E73200594600F08E
:10D5A000FFFD3B68BB60BBE73200594600F0F8FD69
:10D5B000BB689B19BB60B3E7441401207C090120C0
:10D5C000012330B51C4D1D4C2B60237D85B0002BF5
:10D5D0000AD0E3682268934212D00223FF33AB8063
:10D5E000174BAB6005B030BD10216846FFF798FEC1
:10D5F0000028EED00223FF33AB80124BAB60F1E783
:10D60000A2689342E9D12369002BE6D102232B6063
:10D61000237D002BEED11020FFF72AFF0828E9D147
:10D62000E368A2689342D8D122689342D5D1236996
:10D63000082BD2D1D6E7C0462415012014140120AE
:10D6400048EC002028EC0020000000000000000052
:10D6500010B5144B1A7D002A20D11A69002A1AD05D
:10D66000DC68211D2468D9600460586881420FD2AB
:10D67000013A1A611A00986918320024904205D0C4
:10D68000016899614A604463F4F742FF200010BDCD
:10D690001968D960ECE701246442F7E70224644288
:10D6A000F4E7C046EC130120000000000000000079
:10D6B00070B5144B1A7D002A21D15D681C68196968
:10D6C0002A1B92108A4217D0DA68043A944211D881
:10D6D000DA6010601A00186A0131203200241961E2
:10D6E000904205D0016819624A604463F4F710FF64
:10D6F000200070BD2A1FEBE701246442F8E70224F2
:10D700006442F5E7EC130120000000000000000077
:10D71000F8B5CE464746814680B50D0072B6D02199
:10D72000BE22090652008B58002BFCD0BFF35F8F3E
:10D730002C4CD02326001B0698462B4F183617E09A
:10D74000606821682269431A9B10934221D14346A5
:10D750001B68E2699B00FB185B682900DB680420FA
:10D760001E605A601360E361F5F742F9002804D1A6
:10D77000237D002BE4D002204042BFF35F8FD023F3
:10D78000BE221B0652009B5062B6C0BCB946B046D2
:10D79000F8BDE368043B994200D9031F4946E360A2
:10D7A00019602300206A013220332261984206D09A
:10D7B00002682262536000234363F4F7A9FED0237A
:10D7C0001B061A68084B92009B185B681A68DB6896
:10D7D00092689B689A4203D9F4F79AFC0020CCE740
:10D7E0000020CAE7EC13012008150120000000000A
:10D7F000F8B5154C23682500A360E3600023A069F9
:10D800002361183501332375A8420BD002262F005F
:10D8100076420368A3615D604663F4F779FEA06910
:10D82000B842F6D12500206A2035A8420BD0022646
:10D830002F007642036823625D604663F4F768FE5A
:10D84000206AB842F6D1F8BDEC13012000000000B8
:10D85000F0B5C64600B5194F804688B038000E00B6
:10D860001500F8F7C5FA041E23D07B684246C3189A
:10D870000393134B0192059300230290049606959F
:10D88000079372B6D025BE262D067600AB59002B25
:10D89000FCD0BFF35F8F01A8F5F7AAFF094B002169
:10D8A000C36207630400F5F713FEBFF35F8FAD514A
:10D8B00062B6200008B080BCB846F0BDA4150120B7
:10D8C00041110020A108002000000000000000001D
:10D8D00070B5D02424062268164B92009B185B6812
:10D8E0000100DE6872B6BE256D006359002BFCD0C6
:10D8F000BFF35F8F736C01330FD0002905D1BFF3E5
:10D900005F8F645162B6002013E001235B420B205D
:10D910007363F5F76DF80028F1DB00237364BFF340
:10D920005F8FD023BE221B0652009B5062B601209F
:10D93000404270BD081501200000000000000000FA
:10D94000F8B5D02424062268164B92009B185B6819
:10D95000DF6872B6BE256D006359002BFCD0BFF3A3
:10D960005F8F7E6C002E10D1002804D1BFF35F8F33
:10D97000645162B613E001235B4201007B630A201D
:10D98000F5F736F80028F1DB7E6C00237B64BFF3EB
:10D990005F8FD023BE221B0652009B5062B6300020
:10D9A000F8BDC0460815012000000000000000007E
:10D9B00070B5D024240622681A4B92009B185B682D
:10D9C000DE6872B6BE256D006359002BFCD0BFF334
:10D9D0005F8F736C002B10D1002804D1BFF35F8FD1
:10D9E000645162B616E001235B42010073630A20B2
:10D9F000F4F7FEFF00280EDB736C5A42100018404B
:10DA000093437364BFF35F8FD023BE221B06520083
:10DA10009B5062B670BDBFF35F8F645162B6002049
:10DA2000F8E7C046081501200000000000000000D3
:10DA3000D0221206136819489B00C3185B6870B5A2
:10DA4000DC6872B6BE2149005358002BFCD0BFF3EE
:10DA50005F8F05210D00636C1D40052D11D06163A2
:10DA600013680B229B00C0184368D9680A771868AE
:10DA700002681A60536001220277D860F2F7C4FB93
:10DA8000636C052293436364BFF35F8FD0237832C6
:10DA90001B06FF329B5062B6052070BD08150120A1
:10DAA000D0221206136870B5174D9B00EB185B6807
:10DAB000DC6872B6BE2149005358002BFCD0BFF37E
:10DAC0005F8F606C00280AD000236364BFF35F8F10
:10DAD000D023BE221B0652009B5062B670BD0123AC
:10DAE0005B42636313680A229B00ED186B68D96878
:10DAF0000A77186802681A60536001220277D860BA
:10DB0000F2F782FB606CDFE70815012000000000DF
:10DB1000D0221206136819489B00C3185B6810B521
:10DB2000DC6872B6BE2149005358002BFCD0BFF30D
:10DB30005F8F636C002B0DD05A4210001840934346
:10DB40006364BFF35F8FD023BE221B0652009B503D
:10DB500062B610BD013B636313680A229B00C018C4
:10DB60004368D9680A77186802681A60536001220E
:10DB70000277D860F2F748FB636CDDE708150120F7
:10DB800070B504680500A04217D0002604E00B2AF7
:10DB900014D02468A54210D06068A368426C134377
:10DBA000027F43640A2AF2D1426B1A42F1D04663E3
:10DBB000F4F7AEFC2468A542EED170BD426B134071
:10DBC0009A42E6D1F3E7C0460000000000000000E2
:10DBD00072B6D022BE21120649005358002BFCD049
:10DBE000BFF35F8F0C4B002099681268002909D1A0
:10DBF0000A4992008A1852680130D268916C9A6082
:10DC0000D9609364BFF35F8FD023BE221B065200FE
:10DC10009B5062B67047C046CC1301200815012006
:10DC200070B5010072B6D022BE24120664001359EA
:10DC3000002BFCD0BFF35F8F124B00209D686C1E41
:10DC40009C60002C08DBBFF35F8FD023BE221B0635
:10DC500052009B5062B670BD00290FD010680A4A6E
:10DC60008000121852685868D2685060136053637D
:10DC700002605A600520F4F7BBFEE4E79D600138BE
:10DC8000E1E7C046C415012008150120000000008E
:10DC9000F8B5CE46474680B572B6D024BE222406DB
:10DCA0005200A358002BFCD0BFF35F8F0368244DB4
:10DCB0008160984229D002239C46033BD024984699
:10DCC000013B002799462406426821685368890071
:10DCD000691843604968186013698B4205D066462D
:10DCE000216D0E4201D041466165916817771B682E
:10DCF0009E688E42FBD25968136051600A605A6078
:10DD00004B46536303689842DED1D0231B061B6841
:10DD10009B00ED186B681A68DB6892689B689A42F2
:10DD200001D9F4F7F5F9BFF35F8FD023BE221B06AC
:10DD300052009B5062B6C0BCB946B046F8BDC04662
:10DD40000815012000000000000000000000000095
:10DD500010B572B6D021BE22090652008B58002B96
:10DD6000FCD0BFF35F8F254CA3685A1CA260002A29
:10DD700039DDA360002B17DBD0231B061A68204B6C
:10DD800092009B185B681A68DB6892689B689A42ED
:10DD900001D9F4F7BDF9BFF35F8FD023BE221B0674
:10DDA00052009B5062B610BDD02109060B68144A80
:10DDB0009B00D3185B686068DB681C605860036078
:10DDC0005C6363600B689B00D21853680522D968B6
:10DDD0000A77186802681A60536001220277D860D7
:10DDE000F2F712FAD7E72068036823605C60F4F763
:10DDF0008FFB00234363A368013BBAE7C4150120EE
:10DE000008150120000000000000000000000000D4
:10DE1000F0B5DE4657464E4645468346E0B5AB482C
:10DE20008BB0FAF70DF95B461968002900D148E17B
:10DE3000A748FAF705F9A74C2000FAF701F9A64917
:10DE4000A648FAF7FDF8A649A648FAF7F9F8A64950
:10DE5000A648FAF7F5F82000FAF7F2F8A44BA5491E
:10DE6000A548C91AFAF7ECF8A44BA549A548C91A60
:10DE7000FAF7E6F8A44BA549A548C91AFAF7E0F85D
:10DE8000A44BA549A548C91AFAF7DAF88F48FAF75A
:10DE9000D7F80023A24C23715B465B681B68002BFC
:10DEA00000D1DCE000239A4603934C25236A05E069
:10DEB0003D209847236A013D002D04D0002BF7D167
:10DEC000013D002DF7D10A260D20804D02E03000E3
:10DED000236A6E78002B00D098470135002EF6D1CA
:10DEE0005B4652465B6803999B5801311A688D481E
:10DEF0000391FAF7A5F85B465A685346D3585B6816
:10DF00001B68002B00D1A2E0002399467D33D02767
:10DF1000FF3398463F064B469B0001934C25236AEE
:10DF200005E02D209847236A013D002D04D0002BE9
:10DF3000F7D1013D002DF7D10A260D20634D02E0F7
:10DF40003000236A6E78002B00D098470135002EF0
:10DF5000F6D101239C465B4652465B68E1449B58E0
:10DF6000019A5B6803999B586F484A461B68FAF709
:10DF700067F872B64346FB58002BFBD0BFF35F8FA8
:10DF80006A4A3B6894469B0063445B68684ADB6866
:10DF9000684904A8F4F72CF8644A3B6894460822C0
:10DFA0009B0063445B68D9680A77186802681A6046
:10DFB000536001220277D860F2F726F9049B02939E
:10DFC000002B02D004A8F4F75BF8BFF35F8F434641
:10DFD000FF5062B65B4652465B689B58019A5B688D
:10DFE0009D5823001033E360002363716B68002B9E
:10DFF00000D09847EB689847AB68002B00D0984753
:10E000006379002B57D02500A3684B4A21684B4801
:10E01000FAF716F8E3681035AB4208D9236A002BEB
:10E0200001D028789847E3680135AB42F6D8A1685B
:10E030004348FAF705F85B465A6853460199D358A6
:10E040008C465B6863445B68002B00D063E7042365
:10E050009C46E2445346D358002B00D025E74C257C
:10E06000236A05E02D209847236A013D002D04D046
:10E07000002BF7D1013D002DF7D10A260D20134DBD
:10E0800002E03000236A6E78002B00D098470135FB
:10E09000002EF6D10D48F9F7D3FF2379002B0ED1CE
:10E0A00028492948F9F7CCFF0BB0F0BCBB46B24673
:10E0B000A946A046F0BD2548F9F7C2FFBBE72449B1
:10E0C000EFE72448F9F7BCFFB5E6C046C8120120C7
:10E0D0008C110120AC110120B4110120CC110120C0
:10E0E000BCE70020E4110120C4E70020FC1101205E
:10E0F000C000002090E400201412012090E40020D1
:10E10000B413012034120120BC1301209814012003
:10E110005412012098140120D826012074120120E5
:10E120002415012094120120B012012008150120AD
:10E1300041150020400D030034EA0020CC120120DC
:10E14000E8120120841101200C130120F412012097
:10E150007C1101209811012030B5032A0CD903004D
:10E160000B439B0719D103680C68A34215D1043AED
:10E1700004300431032AF6D8551E002A0BD00023A0
:10E1800003E05A1C9D4206D01300C25CCC5CA24244
:10E19000F7D0101B00E0002030BD551EEFE7C04651
:10E1A000F0B5C64600B50F2A41D903270D003E0041
:10E1B00005430C0003002E402F423DD11500103DB9
:10E1C0002D09A8462D01AC46844427681D001F6018
:10E1D00067685F60A7689F60E7681034DF6010338E
:10E1E0006545F2D145460F230C2401352D0149190F
:10E1F00013404519144222D08C59AC5104369C1B53
:10E20000032CF9D8043B9B0801339B00ED18C91877
:10E2100003231A40561E002A06D00023CC5C1A00A5
:10E22000EC5401339642F9D180BCB846F0BD0500EC
:10E23000561E002AF1D1F7E70500561EEDE71A0039
:10E24000F6E7C046F0B50500830749D0541E002A02
:10E2500045D003000326CAB202E00135013C3ED39B
:10E2600001332A703342F8D1032C30D9FF220A40FF
:10E27000150215432A0415430F2C34D92700103FEB
:10E280003F093E01B4461E001A0010366644156070
:10E2900055609560D5601032B242F8D101373F0128
:10E2A000DB190F270C22274022403C00002A0ED009
:10E2B0003E1FB608B400A4461A001C1D644420C2C8
:10E2C000A242FCD103240136B6009B193C40002C2D
:10E2D00005D0C9B21C19197001339C42FBD1F0BDA5
:10E2E00003001400C0E72700E2E7C046CAB2F0B559
:10E2F000002A35D0032483072DD1FF2529400D02A4
:10E3000029430D040D4329000468264E61408B19F2
:10E310008B43A119A143244E0B43334211D14168D1
:10E32000204F0C00CB196C408B43E119A1430B43E8
:10E3300004303342F3D00378002B05D09A4204D046
:10E3400001300378002BF9D10020F0BD9342FCD0BE
:10E3500001302042D1D00378002BF7D10020F4E720
:10E36000830708D0032202E00130104203D0037873
:10E37000002BF9D1E9E702680A4B0B49D318934304
:10E380000B4206D14268074B0430D31893430B422B
:10E39000F8D00378002BD8D043780130002BFBD184
:10E3A000D3E7C046FFFEFEFE8080808030B5002AA5
:10E3B00026D003000B439B0724D1032A22D9164DF4
:10E3C0000BE0043A002A1BD0144C1C199C432C422D
:10E3D00016D104300431032A14D903680C68A3420F
:10E3E000EFD004780D78AC4213D1012306E0C45C71
:10E3F000CD5CAC420DD10133934201D0002CF6D15B
:10E40000002030BD04780D78A54202D1012AECD15C
:10E41000F6E7601BF5E7C04680808080FFFEFEFEC9
:10E4200030B50D000178002915D02C782A00231E64
:10E4300004D109E053780132002B05D09942F9D17B
:10E440001378002B07D030BD417801300029EDD181
:10E450001378002BF7D10020F5E7C04670B50D000A
:10E46000017806000020002911D030002C78002C03
:10E470000CD02A00230003E053780132002B05D092
:10E480008B42F9D1417801300029F0D1801B70BD59
:10E490007265616479206C69737420636865636B6D
:10E4A000206661696C6564007669727475616C20C0
:10E4B00074696D657273206C697374206368656339
:10E4C0006B206661696C65640000000072656769B5
:10E4D00073747279206C69737420636865636B2050
:10E4E0006661696C656400006E6F206C69737465A9
:10E4F0006E657200737475636B206C697374656EFE
:10E50000657200009215002072150020721500201F
:10E51000A41500206A150020621500207215002045
:10E520006A15002072150020721500207215002057
:10E53000721500206A150020286E756C6C29000089
:10E540009C180020261800202618002026180020DD
:10E55000261800209C1800202618002026180020CD
:10E560002618002026180020261800209C190020BC
:10E570001E1900202618002026180020261800202A
:10E58000261800208C1A00202618002026180020AB
:10E590001E1900202618002026180020261800200A
:10E5A00026180020261800202618002026180020F3
:10E5B000261800202618002026180020DE1900202A
:10E5C0009C1800202618002026180020261800205D
:10E5D000261800209C18002026180020261800204D
:10E5E0002618002026180020261800209C1900203C
:10E5F0001E1900202618002026180020A41900202B
:10E60000261800208C1A002026180020261800202A
:10E610001E1900209A180020241800202418002019
:10E6200024180020241800209A1800202418002004
:10E63000241800202418002024180020241800206A
:10E640009A1900201C1900202418002024180020EA
:10E6500024180020241800208A1A002024180020E2
:10E66000241800201C190020241800202418002041
:10E67000241800202418002024180020241800202A
:10E68000241800202418002024180020241800201A
:10E69000DC1900209A1800202418002024180020DB
:10E6A00024180020241800209A1800202418002084
:10E6B00024180020241800202418002024180020EA
:10E6C0009A1900201C19002024180020241800206A
:10E6D000A2190020241800208A1A002024180020E3
:10E6E000241800201C190020696E666F00000000CD
:10E6F00055736167653A2025730D0A00382E302E58
:10E70000300000004B65726E656C3A20202020209E
:10E71000202025730D0A00004743432031302E325C
:10E720002E31203230323031313033202872656C56
:10E730006561736529000000436F6D70696C6572D7
:10E740003A202020202025730D0A000041524D76EA
:10E75000362D4D0041726368697465637475726526
:10E760003A2025730D0A0000436F727465782D4DB1
:10E77000302B0000436F72652056617269616E74C0
:10E780003A2025730D0A0000507265656D7074693A
:10E790006F6E207468726F756768204E4D4920282F
:10E7A000534D502900000000506F727420496E666E
:10E7B0006F3A2020202025730D0A0000525032307D
:10E7C0003430000052617370626572727920506952
:10E7D000205069636F000000426F6172643A20202C
:10E7E00020202020202025730D0A0000202D20004D
:10E7F0004A616E2032342032303235004275696C05
:10E80000642074696D653A20202025732573257373
:10E810000D0A000031313A34383A30360000000039
:10E820006563686F20226D65737361676522000000
:10E8300073797374696D6500256C750D0A000000AD
:10E84000636F72652073746B6C696D69742020202E
:10E8500020737461636B2020202020616464722027
:10E8600072656673207072696F2020202020737497
:10E870006174652020202020202020206E616D659D
:10E880000D0A000025346C75202530386C78202561
:10E8900030386C78202530386C782025346C752021
:10E8A00025346C752025397320253132730D0A000B
:10E8B0002009000073707572696F75732065766545
:10E8C0006E740000756E657870656374656420729F
:10E8D000657475726E6564207072696F726974799F
:10E8E000206C6576656C0000756E65787065637484
:10E8F0006564207072696F72697479206C657665E1
:10E900006C000000756E65787065637465642072D4
:10E91000657475726E6564207265616C20707269D1
:10E920006F72697479206C6576656C00756E6578B8
:10E93000706563746564207265616C207072696FC4
:10E9400072697479206C6576656C000074696D6518
:10E9500072207374696C6C2061726D6564000000D4
:10E960006E6F74206D6F6E6F746F6E696300000060
:10E970006F7574206F662074696D652077696E64A9
:10E980006F7700006D61696E0000000069646C655E
:10E99000000000006E6F6E616D6500007175657539
:10E9A00065206E6F7420656D70747900636F756E8D
:10E9B000746572206E6F74207A65726F00000000BB
:10E9C00065786974000000007368656C6C00000075
:10E9D00043686962694F532F5254205368656C6CC9
:10E9E0000D0A000063683E20000000005E44000045
:10E9F0006C6F676F75740000746F6F206D616E7956
:10EA000020617267756D656E74730D0A00000000F9
:10EA100068656C7000000000436F6D6D616E64731B
:10EA20003A2068656C702000257320002573000073
:10EA3000203F0D0A0000000073696E676C65206559
:10EA400076656E74206572726F7200007374756300
:10EA50006B206576656E74006576656E7420666CF5
:10EA60006167206572726F72000000004100000053
:10EA70006E6F74204E554C4C0000000077726F6E24
:10EA8000672072657475726E6564206D657373615D
:10EA900067650000756E65787065637465642070E5
:10EAA000656E64696E672062697400006576656EE4
:10EAB0007420666C616773206572726F720000006B
:10EAC0006E6F742074616B656E000000756E657802
:10EAD000706563746564206D6573736167650000BC
:10EAE0007374696C6C2074616B656E00756E65780B
:10EAF00070656374656420636F756E746572000081
:10EB000077726F6E6720636F756E746572207661C1
:10EB10006C7565006D656D00636F7265206672656A
:10EB200065206D656D6F7279203A202575206279B8
:10EB30007465730D0A00000068656170206672617B
:10EB4000676D656E74732020203A2025750D0A00CC
:10EB500068656170206672656520746F74616C20F1
:10EB6000203A2025752062797465730D0A00000033
:10EB7000686561702066726565206C617267657397
:10EB8000743A2025752062797465730D0A000000BF
:10EB90004200000077726F6E67207072696F726951
:10EBA0007479206C6576656C00000000616C72659C
:10EBB000616479206C6F636B656400006E6F742014
:10EBC0006C6F636B656400007374696C6C206F77A5
:10EBD0006E65640077726F6E672077616B652D7567
:10EBE00070206D65737361676500000074657374F0
:10EBF0002072747C6F736C69620000006F75742002
:10EC00006F66206D656D6F72790D0A0072656D6FAC
:10EC100074652070616E6963000000006E6F74207F
:10EC2000726573657400000077726F6E6720736998
:10EC30007A650000636F6E74656E74206D69736D24
:10EC40006174636800000000696E76616C6964201D
:10EC50007069706520737461746500004300000082
:10EC6000696E76616C69642073657175656E636544
:10EC7000000000004142434445000000696E766197
:10EC80006C696420636F756E746572004142430065
:10EC9000414243440000000064796E3100000000EE
:10ECA0006865617020667261676D656E7465640089
:10ECB000746872656164206372656174696F6E2047
:10ECC0006661696C6564000064796E320000000062
:10ECD00064796E33000000007468726561642063BB
:10ECE00072656174696F6E206E6F74206661696C05
:10ECF0006564000041420000667261676D656E7474
:10ED00006174696F6E206368616E676564000000FE
:10ED1000746F74616C2066726565207370616365E1
:10ED2000206368616E676564000000006C61726753
:10ED300065737420667261676D656E742073697A9D
:10ED400065206368616E67656400000064796E34F5
:10ED50000000000064796E3500000000706F6F6C79
:10ED6000206C69737420656D70747900706F6F6CBE
:10ED7000206C697374206E6F7420656D70747900F7
:10ED80006E6F7420656D7074790000007374696C27
:10ED90006C2066756C6C0000777269746520706F0A
:10EDA000696E746572206E6F7420616C69676E6540
:10EDB0006420746F20626173650000007265616495
:10EDC00020706F696E746572206E6F7420616C695B
:10EDD000676E656420746F206261736500000000D7
:10EDE0006E6F7420696E2072657365742073746130
:10EDF000746500007374696C6C20656D70747900C3
:10EE00006E6F742066756C6C00000000706F696E28
:10EE100074657273206E6F7420616C69676E6564CF
:10EE20000000000077726F6E67206765742073655D
:10EE30007175656E63650000108200206A81002094
:10EE40006A8100206A8100206A81002010820020EF
:10EE50006A8100206A8100206A8100206A81002086
:10EE60006A81002006830020928200206A810020AF
:10EE70006A8100206A8100206A8100200A840020C3
:10EE80006A8100206A810020928200206A8100202D
:10EE90006A8100206A8100206A8100206A81002046
:10EEA0006A8100206A8100206A8100206A81002036
:10EEB0006A8100204A830020108200206A8100209D
:10EEC0006A8100206A8100206A810020108200206F
:10EED0006A8100206A8100206A8100206A81002006
:10EEE0006A81002006830020928200206A8100202F
:10EEF0006A8100200E8300206A8100200A8400209D
:10EF00006A8100206A810020928200200E82002007
:10EF100068810020688100206881002068810020CD
:10EF20000E82002068810020688100206881002016
:10EF300068810020688100200483002090820020E6
:10EF4000688100206881002068810020688100209D
:10EF500008840020688100206881002090820020C1
:10EF6000688100206881002068810020688100207D
:10EF7000688100206881002068810020688100206D
:10EF80006881002068810020488300200E820020D4
:10EF9000688100206881002068810020688100204D
:10EFA0000E82002068810020688100206881002096
:10EFB0006881002068810020048300209082002066
:10EFC00068810020688100200C8300206881002077
:10EFD0000884002068810020688100209082002041
:10EFE0002D2D2D2041726368697465637475726597
:10EFF0003A202020202020202020202020202020F7
:10F000002020202020202020000000002D2D2D2059
:10F01000436F72652056617269616E743A202020D8
:10F0200020202020202020202020202020202020E0
:10F0300020202020000000002D2D2D20436F6D701A
:10F04000696C65723A20202020202020202020207A
:10F0500020202020202020202020202020202020B0
:10F06000000000002D2D2D20506F727420496E6617
:10F070006F3A202020202020202020202020202027
:10F080002020202020202020202020200000000000
:10F090002D2D2D204E61747572616C20616C696735
:10F0A0006E6D656E743A20202020202020202020C4
:10F0B00020202020202020200000000025750000B6
:10F0C0002D2D2D20537461636B20616C69676E6D0B
:10F0D000656E743A2020202020202020202020202F
:10F0E0002020202020202020000000002D2D2D2079
:10F0F000576F726B696E67206172656120616C6920
:10F10000676E6D656E743A2020202020202020201C
:10F1100020202020000000002D2D2D2050726F6433
:10F120007563743A202020202020202020202020D9
:10F1300020202020202020202020202020202020CF
:10F1400043686962694F532F525400002D2D2D20C2
:10F15000537461626C6520466C61673A2020202000
:10F16000202020202020202020202020202020209F
:10F1700020202020000000002D2D2D2056657273C8
:10F18000696F6E20537472696E673A2020202020C8
:10F19000202020202020202020202020202020206F
:10F1A000000000002D2D2D204D616A6F72204E75DC
:10F1B0006D6265723A20202020202020202020200F
:10F1C00020202020202020202020202000000000BF
:10F1D0002D2D2D204D696E6F72204E756D626572FA
:10F1E0003A20202020202020202020202020202005
:10F1F0002020202020202020000000002D2D2D2068
:10F200005061746368204E756D6265723A202020EB
:10F2100020202020202020202020202020202020EE
:10F2200020202020000000002D2D2D2043485F438A
:10F2300046475F534D505F4D4F44453A20202020B4
:10F2400020202020202020202020202020202020BE
:10F25000000000002D2D2D2043485F4346475F48A6
:10F26000415244454E494E475F4C4556454C3A2025
:10F27000202020202020202020202020000000000E
:10F280002D2D2D2043485F4346475F53545F524521
:10F29000534F4C5554494F4E3A20202020202020D7
:10F2A0002020202020202020000000002D2D2D20B7
:10F2B00043485F4346475F53545F46524551554567
:10F2C0004E43593A2020202020202020202020209A
:10F2D00020202020000000002D2D2D2043485F43DA
:10F2E00046475F494E54455256414C535F53495A25
:10F2F000453A2020202020202020202020202020CF
:10F30000000000002D2D2D2043485F4346475F54E9
:10F31000494D455F54595045535F53495A453A202A
:10F32000202020202020202020202020000000005D
:10F330002D2D2D2043485F4346475F53545F54496A
:10F340004D4544454C54413A202020202020202087
:10F350002020202020202020000000002D2D2D2006
:10F3600043485F4346475F54494D455F5155414EC1
:10F3700054554D3A202020202020202020202020DD
:10F3800020202020000000002D2D2D2043485F4329
:10F3900046475F4E4F5F49444C455F544852454194
:10F3A000443A20202020202020202020202020201F
:10F3B000000000002D2D2D2043485F4346475F4F3E
:10F3C0005054494D495A455F53504545443A2020D1
:10F3D00020202020202020202020202000000000AD
:10F3E0002D2D2D2043485F4346475F5553455F54BD
:10F3F0004D3A2020202020202020202020202020C6
:10F400002020202020202020000000002D2D2D2055
:10F4100043485F4346475F5553455F54494D455305
:10F4200054414D503A202020202020202020202010
:10F4300020202020000000002D2D2D2043485F4378
:10F4400046475F5553455F52454749535452593AD1
:10F4500020202020202020202020202020202020AC
:10F46000000000002D2D2D2043485F4346475F5587
:10F4700053455F57414954455849543A202020206C
:10F4800020202020202020202020202000000000FC
:10F490002D2D2D2043485F4346475F5553455F530D
:10F4A000454D4150484F5245533A202020202020BE
:10F4B0002020202020202020000000002D2D2D20A5
:10F4C00043485F4346475F5553455F53454D415061
:10F4D000484F5245535F5052494F524954593A2070
:10F4E00020202020000000002D2D2D2043485F43C8
:10F4F00046475F5553455F4D5554455845533A204F
:10F5000020202020202020202020202020202020FB
:10F51000000000002D2D2D2043485F4346475F55D6
:10F5200053455F4D5554455845535F5245435552D9
:10F53000534956453A20202020202020000000007A
:10F540002D2D2D2043485F4346475F5553455F436C
:10F550004F4E44564152533A202020202020202054
:10F560002020202020202020000000002D2D2D20F4
:10F5700043485F4346475F5553455F434F4E4456AC
:10F580004152535F54494D454F55543A2020202055
:10F5900020202020000000002D2D2D2043485F4317
:10F5A00046475F5553455F4556454E54533A2020D4
:10F5B000202020202020202020202020202020204B
:10F5C000000000002D2D2D2043485F4346475F5526
:10F5D00053455F4556454E54535F54494D454F552D
:10F5E000543A20202020202020202020000000004D
:10F5F0002D2D2D2043485F4346475F5553455F4DB2
:10F60000455353414745533A2020202020202020B5
:10F610002020202020202020000000002D2D2D2043
:10F6200043485F4346475F5553455F4D45535341FC
:10F630004745535F5052494F524954593A20202070
:10F6400020202020000000002D2D2D2043485F4366
:10F6500046475F5553455F44594E414D49433A2013
:10F66000202020202020202020202020202020209A
:10F67000000000002D2D2D2043485F4442475F537A
:10F680005441544953544943533A202020202020C8
:10F6900020202020202020202020202000000000EA
:10F6A0002D2D2D2043485F4442475F535953544505
:10F6B0004D5F53544154455F434845434B3A2020E6
:10F6C0002020202020202020000000002D2D2D2093
:10F6D00043485F4442475F454E41424C455F434883
:10F6E00045434B533A20202020202020202020205A
:10F6F00020202020000000002D2D2D2043485F44B5
:10F7000042475F454E41424C455F41535345525439
:10F71000533A20202020202020202020202020209C
:10F72000000000002D2D2D2043485F4442475F54C8
:10F73000524143455F4D41534B3A20202020202029
:10F740002020202020202020202020200000000039
:10F750002D2D2D2043485F4442475F54524143457D
:10F760005F4255464645525F53495A453A2020204C
:10F770002020202020202020000000002D2D2D20E2
:10F7800043485F4442475F454E41424C455F5354B6
:10F7900041434B5F434845434B3A202020202020E3
:10F7A00020202020000000002D2D2D2043485F4404
:10F7B00042475F46494C4C5F544852454144533A96
:10F7C0002020202020202020202020202020202039
:10F7D000000000002D2D2D2043485F4442475F5418
:10F7E0004852454144535F50524F46494C494E4759
:10F7F0003A2020202020202020202020000000006F
:10F800002D2D2D2053636F7265203A2000000000DB
:10F81000206D7367732F532C2000000020637478D1
:10F820007377632F530000002074687265616473FE
:10F830002F5300002072657363686564756C65738F
:10F840002F532C20000000002074696D6572732F07
:10F850005300000020776169742B7369676E616CD7
:10F860002F530000206C6F636B2B756E6C6F636B96
:10F870002F5300002D2D2D204F53202020203A20E3
:10F880000000000020627974657300002D2D2D208A
:10F890005468726561643A20000000002D2D2D200F
:10F8A00054696D6572203A20000000002D2D2D2036
:10F8B00053656D6170683A20000000002D2D2D20E9
:10F8C0004D75746578203A20000000002D2D2D2004
:10F8D000436F6E64562E3A20000000002D2D2D201F
:10F8E0004576656E74533A20000000002D2D2D20C2
:10F8F0004576656E744C3A20000000002D2D2D20B9
:10F900004D61696C422E3A20000000002D2D2D2003
:10F9100050726F647563743A2020202020202020CC
:10F9200020202020202020202020202020202020D7
:10F930002020202043686962694F532F4C494200C0
:10F94000312E342E300000002D2D2D2043485F43F2
:10F9500046475F5553455F4D41494C424F584553CB
:10F960003A2020202020202020202020202020207D
:10F97000000000002D2D2D2043485F4346475F5572
:10F9800053455F4D454D434845434B533A20202056
:10F9900020202020202020202020202000000000E7
:10F9A0002D2D2D2043485F4346475F5553455F4DFE
:10F9B000454D434F52453A20202020202020202032
:10F9C0002020202020202020000000002D2D2D2090
:10F9D00043485F4346475F4D454D434F52455F5354
:10F9E000495A453A20202020202020202020202075
:10F9F00020202020000000002D2D2D2043485F43B3
:10FA000046475F5553455F484541503A20202020E6
:10FA100020202020202020202020202020202020E6
:10FA2000000000002D2D2D2043485F4346475F55C1
:10FA300053455F4D454D504F4F4C533A20202020A9
:10FA40002020202020202020202020200000000036
:10FA50002D2D2D2043485F4346475F5553455F4F4B
:10FA6000424A5F4649464F533A202020202020201A
:10FA70002020202020202020000000002D2D2D20DF
:10FA800043485F4346475F5553455F504950455390
:10FA90003A2020202020202020202020202020204C
:10FAA00020202020000000002D2D2D2043485F4302
:10FAB00046475F5553455F4F424A5F434143484580
:10FAC000533A2020202020202020202020202020E9
:10FAD000000000002D2D2D2043485F4346475F5511
:10FAE00053455F44454C4547415445533A202020F7
:10FAF0002020202020202020202020200000000086
:10FB00002D2D2D2043485F4346475F5553455F46A3
:10FB10004143544F52593A202020202020202020B9
:10FB20002020202020202020000000002D2D2D202E
:10FB300043485F4346475F464143544F52595F4DE8
:10FB400041585F4E414D45535F4C454E4754483AEE
:10FB500020202020000000002D2D2D2043485F4351
:10FB600046475F464143544F52595F4F424A4543CF
:10FB700054535F52454749535452593A202020204C
:10FB8000000000002D2D2D2043485F4346475F466F
:10FB90004143544F52595F47454E455249435F4296
:10FBA0005546464552533A202020202000000000B0
:10FBB0002D2D2D2043485F4346475F464143544F18
:10FBC00052595F53454D4150484F5245533A2020BA
:10FBD0002020202020202020000000002D2D2D207E
:10FBE00043485F4346475F464143544F52595F4D38
:10FBF00041494C424F5845533A2020202020202094
:10FC000020202020000000002D2D2D2043485F43A0
:10FC100046475F464143544F52595F4F424A5F4601
:10FC200049464F533A202020202020202020202009
:10FC3000000000002D2D2D2043485F4346475F46BE
:10FC40004143544F52595F50495045533A20202068
:10FC50002020202020202020202020200000000024
:10FC600044796E616D6963205069706573204661E7
:10FC700063746F727900000044796E616D6963206E
:10FC80004F626A65637473204649464F732046612C
:10FC900063746F727900000044796E616D6963204E
:10FCA0004D61696C626F78657320466163746F7231
:10FCB0007900000044796E616D69632053656D6160
:10FCC00070686F72657320466163746F72790000AB
:10FCD00044796E616D696320427566666572732052
:10FCE000466163746F7279004F626A656374732052
:10FCF000526567697374727900000000446566613B
:10FD0000756C74204865617000000000416C6C6F78
:10FD1000636174696F6E20616E6420667261676DE5
:10FD2000656E746174696F6E0000000047756172E2
:10FD3000646564204D656D6F727920506F6F6C73D0
:10FD40002074696D656F7574000000004C6F61640C
:10FD5000696E6720616E6420656D707479696E6785
:10FD600020612067756172646564206D656D6F72D6
:10FD70007920706F6F6C20776974686F7574207765
:10FD8000616974696E6700004C6F6164696E672019
:10FD9000616E6420656D707479696E672061206D95
:10FDA000656D6F727920706F6F6C000043616368DE
:10FDB0006520696E697469616C697A6174696F6ED6
:10FDC0000000000044697370617463686572207498
:10FDD00065737400506970652074696D656F757422
:10FDE000730000005069706573206E6F726D616CF6
:10FDF000204150492C206E6F6E2D626C6F636B69D1
:10FE00006E67207465737473000000004D61696C47
:10FE1000626F782074696D656F75747300000000FF
:10FE20004D61696C626F7820492D436C617373205A
:10FE30004150492C206E6F6E2D626C6F636B696E42
:10FE400067207465737473004D61696C626F78200C
:10FE50006E6F726D616C204150492C206E6F6E2D5B
:10FE6000626C6F636B696E672074657374730000F6
:10FE70004F53204C696272617279205365747469C2
:10FE80006E6773004F53204C69627261727920492A
:10FE90006E666F00506F727420496E666F000000CE
:10FEA0004F626A6563747320466163746F72790090
:10FEB0004D656D6F727920486561707300000000B8
:10FEC0004D656D6F727920506F6F6C73000000008C
:10FED0004F626A65637473204361636865730000F1
:10FEE0005468726561642044656C6567617465730C
:10FEF000000000004A6F62732051756575657300DC
:10FF000050697065730000004D61696C626F7865BF
:10FF100073000000496E666F726D6174696F6E00E8
:10FF200052414D20466F6F747072696E740000000C
:10FF30004D757465786573206C6F636B2F756E6C8F
:10FF40006F636B20706572666F726D616E636500C2
:10FF500053656D6170686F72657320776169742F86
:10FF60007369676E616C20706572666F726D616E29
:10FF7000636500005669727475616C2054696D6523
:10FF80007273207365742F72657365742070657267
:10FF9000666F726D616E636500000000526F756E72
:10FFA000642D526F62696E20766F6C756E7461722B
:10FFB000792072657363686564756C650000000084
:10FFC0004D6173732072657363686564756C652039
:10FFD000706572666F726D616E63650054687265FC
:10FFE00061647320706572666F726D616E63652CFB
:10FFF000206372656174652F65786974206F6E6C1B
:020000042001D9
:1000000079000000546872656164732070657266DF
:100010006F726D616E63652C2066756C6C20637900
:10002000636C6500436F6E746578742053776974F0
:10003000636820706572666F726D616E6365000043
:100040004D6573736167657320706572666F726D5D
:10005000616E6365202333004D657373616765735B
:1000600020706572666F726D616E63652023320069
:100070004D6573736167657320706572666F726D2D
:10008000616E63652023310054687265616473207A
:100090006372656174696F6E2066726F6D204D6565
:1000A0006D6F727920506F6F6C000000546872653C
:1000B000616473206372656174696F6E2066726F2C
:1000C0006D204D656D6F727920486561700000008C
:1000D00042726F616463617374696E6720757369DE
:1000E0006E6720636845767442726F616463617302
:1000F000742829004576656E747320466C616773B9
:1001000020776169742074696D656F757473000080
:100110004576656E747320466C61677320776169FC
:1001200074207573696E67206368457674576169DA
:1001300074416C6C282900004576656E7473204606
:100140006C6167732077616974207573696E6720CD
:10015000636845767457616974416E792829000097
:100160004576656E747320466C61677320776169AC
:1001700074207573696E672063684576745761698A
:10018000744F6E65282900004576656E7420466CB4
:10019000616773206469737061746368696E670076
:1001A0004576656E747320726567697374726174E5
:1001B000696F6E004D657373616765732053657277
:1001C000766572206C6F6F7000000000436F6E6484
:1001D0006974696F6E205661726961626C65207026
:1001E00072696F7269747920626F6F7374207465BD
:1001F00073740000436F6E646974696F6E2056619A
:10020000726961626C652062726F616463617374AC
:100210002074657374000000436F6E646974696FC5
:100220006E205661726961626C65207369676E61E8
:100230006C20746573740000526570656174656448
:10024000206C6F636B732C206E6F6E20726563750C
:100250007273697665207363656E6172696F000001
:100260005072696F726974792072657475726E204C
:10027000766572696669636174696F6E000000007B
:100280005072696F7269747920656E7175657569F0
:100290006E6720746573740054657374696E6720AB
:1002A00042696E6172792053656D6170686F726525
:1002B00073207370656369616C206361736500000E
:1002C00054657374696E6720636853656D5761691F
:1002D000745369676E616C28292066756E63746952
:1002E0006F6E616C6974790054657374696E672010
:1002F000636853656D416464436F756E74657249DC
:1003000028292066756E6374696F6E616C697479F3
:100310000000000053656D6170686F72652074693C
:100320006D656F75742074657374000053656D613D
:1003300070686F726520656E71756575696E67208E
:10034000746573740000000053656D6170686F72AE
:1003500065207072696D6974697665732C206E6FA3
:10036000207374617465206368616E6765000000C6
:1003700053757370656E6420616E64205265737589
:100380006D652066756E6374696F6E616C697479F2
:10039000000000005072696F7269747920636861AF
:1003A0006E67652074657374207769746820507275
:1003B000696F7269747920496E6865726974616EDB
:1003C000636500005072696F7269747920636861B7
:1003D0006E67652074657374000000005265616487
:1003E00079204C6973742066756E6374696F6E61F1
:1003F0006C6974792C207468726561647320707202
:10040000696F72697479206F726465720000000010
:1004100054687265616420536C6565702066756E02
:100420006374696F6E616C697479000054696D65FD
:10043000205374616D70732066756E6374696F6E9E
:10044000616C69747900000054696D652072616E99
:100450006765732066756E6374696F6E616C69742D
:100460007900000053797374656D205469636B20C3
:10047000436F756E7465722066756E6374696F6E16
:10048000616C697479000000496E746572727570F0
:1004900074732068616E646C696E672066756E6344
:1004A00074696F6E616C69747900000043726974DD
:1004B0006963616C207A6F6E65732066756E637414
:1004C000696F6E616C697479000000005379737410
:1004D000656D20696E746567726974792066756EE2
:1004E0006374696F6E616C69747900004B65726E3C
:1004F000656C2053657474696E6773004B65726E2A
:10050000656C20496E666F0042656E63686D61724E
:100510006B73000044796E616D6963207468726565
:10052000616473004576656E7420536F7572636500
:100530007320616E64204576656E7420466C616739
:100540007300000053796E6368726F6E6F7573206D
:100550004D65737361676573000000004D757465C8
:100560007865732C20436F6E646974696F6E2056D2
:1005700061726961626C657320616E64205072699A
:100580006F7269747920496E6865726974616E630F
:1005900065000000436F756E7465722053656D6170
:1005A00070686F726573000053757370656E642FA9
:1005B000526573756D6500005468726561647320DF
:1005C00046756E6374696F6E616C697479000000C2
:1005D00054696D65205374616D70732046756E6348
:1005E00074696F6E616C69747900000054696D659F
:1005F00020616E6420496E74657276616C7320466A
:10060000756E6374696F6E616C69747900000000C7
:1006100053797374656D206C6179657220616E64C5
:1006200020706F727420696E746572666163650014
:1006300043686962694F53204F53204C696272616D
:1006400072792054657374205375697465000000D5
:1006500043686962694F532F525420546573742064
:10066000537569746500000052454144590000000B
:1006700043555252454E540057545354415254001E
:1006800053555350454E444544000000515545557F
:1006900045440000575453454D00000057544D54F5
:1006A000580000005754434F4E440000534C4545FA
:1006B00050494E4700000000575445584954000027
:1006C00057544F52455654005754414E4445565482
:1006D00000000000534E444D53475100534E444DCB
:1006E0005347000057544D534700000046494E41C0
:1006F0004C0000006563686F00000000000000000F
:1007000002000000010000000200000002000000E2
:10071000020000000300000002000000B10D0020F4
:10072000D10D0020F10D002094FE002000000000FB
:10073000000000003185002084FE00200000000041
:1007400000000000C198002070FE002000000000A2
:10075000000000008199002048FE00203112002096
:1007600021240020D177002020FE002061120020EB
:1007700071240020017C00200CFE002001120020CA
:10078000C1240020F1580020E4FD00209112002037
:100790000000000021600020D4FD0020A19B00206B
:1007A00000000000C1D50020C4FD002000000000B2
:1007B00000000000D1AB0020C4FD002000000000BC
:1007C00000000000F1AE0020ACFD002000000000A1
:1007D00000000000C1A2002088FD0020419D0020F3
:1007E0000000000071B000204CFD0020819D002021
:1007F0000000000001AA00202CFD0020619D0020C7
:1008000000000000A1AB00200CFD0020A19D0020F5
:1008100000000000A1B20020FCFC0020000000004D
:100820000000000081B10020E8FC00200000000072
:10083000B1BA002011C30020D0FC0020000000004D
:1008400031BB002081CA0020B4FC00200000000061
:1008500021BC002041C0002098FC002000000000C6
:10086000A1BC002041C9002078FC0020000000004D
:1008700091BD002091C7002060FC00200000000016
:10088000C1B9002011C5002014FF002090080120EC
:100890002807012038070120480701200000000038
:1008A00008FF0020A8080120580701206807012040
:1008B000780701200000000000FF0020C008012090
:1008C000880701209807012000000000F4FE0020A6
:1008D000D4080120A807012000000000E0FE00204D
:1008E000E4080120B807012000000000D0FE00202D
:1008F000F4080120C807012000000000C0FE00200D
:1009000004090120D8070120E8070120F807012089
:1009100000000000B0FE00201C0901200808012092
:100920001808012000000000A0FE0020300901206E
:100930002808012038080120480801205808012013
:10094000680801207808012000000000300601201E
:100950005409012088080120A0080120B8080120BE
:10096000CC080120DC080120EC080120FC08012053
:100970001409012028090120000000003031323321
:10098000343536373839414243444546000000008B
:10099000D8260120D8260120D8260120D8260120DB
:1009A000D826012000000000000000000000000028
:1009B000D826012000000000000000000000000018
:1009C000D826012000000000000000000000000008
:1009D000D82601200004042000040420D0060420AE
:1009E000D82601200014042000140420D01604206E
:1009F000D8260120000000000000000000000000D8
:100A0000D8260120001F0420001F0420001F0420FE
:100A100094FE00200000000000000000518400202F
:100A2000FC040120000000000000000041850020BF
:100A3000EC040120000000000000000001860020FE
:100A4000CC0401200000000000000000910A0020FA
:100A5000AC0401200000000000000000F12D002087
:100A6000880401200000000000000000310C00207C
:100A7000640401200000000000000000510C002070
:100A8000480401200000000000000000710C00205C
:100A90002C0401200000000000000000D12F0020E5
:100AA000100401200000000000000000413100207F
:100AB000DC03012000000000000000003165002080
:100AC000C40301200000000000000000D12100202C
:100AD00094030120000000000000000061220020BB
:100AE00070030120A10C002000000000C13F002085
:100AF00048030120B10C0020B11D0020714C0020E2
:100B00002C030120D10C00200000000061680020AF
:100B100014030120E10C002000000000C169002046
:100B2000E8020120F10C002000000000B16B002061
:100B3000C0020120C10C00205141002031390020A9
:100B4000980201200000000081410020114900208E
:100B500080020120110D002000000000F16C002037
:100B600060020120210D0020B1410020A15300208E
:100B700038020120010D00200000000091550020E6
:100B800018020120610D002000000000516E0020BD
:100B9000F4010120410D0020000000000170002040
:100BA000CC010120810D00200000000071710020A7
:100BB000B40101200000000000000000C17200200C
:100BC000A00101200000000000000000110E002024
:100BD00088010120B10F00200000000001740020F6
:100BE00060010120F10F002000000000F13D002015
:100BF000380101203110002000000000E1410020F8
:100C0000100101207110002000000000A14300200D
:100C1000F4000120B110002000000000C11D0020E0
:100C2000D0000120F11000200000000091450020BC
:100C3000AC00012061110020000000005174002070
:100C400088000120A1110020000000003176002062
:100C5000700001200000000000000000F189002069
:100C6000580001200000000000000000B18A0020B0
:100C7000400001200000000000000000718B0020F7
:100C8000240001200000000000000000E18C002092
:100C9000040001200000000000000000718E002010
:100CA000DCFF00200000000000000000718F002029
:100CB000C0FF0020D1110020000000007190002032
:100CC0009CFF002000000000000000005192002066
:100CD00074FF0020000000000000000001940020CC
:100CE00050FF0020E11100200000000021950020AD
:100CF00030FF0020F11100200000000011960020BC
:100D000020FF00200000000000000000619700208C
:100D100014FF0020180D0120100A0120200A0120D4
:100D2000300A01200000000010060120300D0120D3
:100D3000400A0120500A0120600A01200000000042
:100D4000EC050120480D0120700A0120800A0120D5
:100D500000000000D00501205C0D0120900A012058
:100D600000000000B80501206C0D0120A00A012040
:100D7000B00A0120C00A0120D00A012000000000B2
:100D8000A8050120880D0120E00A012000000000D4
:100D900094050120980D0120F00A0120000B01208C
:100DA000100B0120200B0120300B0120400B0120F3
:100DB000000000005C050120BC0D0120500B01204B
:100DC000600B0120700B0120800B0120900B012093
:100DD000A00B01200000000044050120E00D0120CF
:100DE000B00B01200000000024050120F00D0120BF
:100DF000C00B0120D00B0120E00B0120F00B0120E3
:100E0000000C0120100C0120200C0120000000002B
:100E100014050120180E0120300C0120400C012087
:100E200000000000080501202C0E0120500C0120BC
:100E3000600C0120700C0120800C0120900C01201E
:100E4000A00C0120B00C0120C00C0120D00C01200E
:100E5000E00C0120F00C0120000D0120000000003A
:100E600050060120680E0120100D0120280D0120E0
:100E7000400D0120540D0120640D0120800D012042
:100E8000900D0120B40D0120D80D0120E80D0120A6
:100E9000100E0120240E012000000000C0E90020F7
:100EA000213D0020E8E60020E11A0020F4060120A0
:100EB000A11B002030E80020D11B002014EB0020F3
:100EC000814F00201C050120011C0020D4030120BB
:100ED000015C002000000000000000006806012006
:100EE0007006012078060120800601208C06012072
:100EF000940601209C060120A4060120AC060120D6
:100F0000B8060120C0060120C8060120D406012031
:100F1000DC060120E4060120EC060120F01501208A
:100F20008817012020190120B81A0120501C012027
:100F30006E6F7420696E20686173680073686F75E6
:100F40006C64206E6F7420626520696E2073796E08
:100F500063000000756E6578706563746564207465
:100F60006F6B656E7300000072657475726E6564F8
:100F7000206572726F7200006E6F7420696E20734C
:100F8000796E6300616263646566676800000000F3
:100F90006C69737420656D70747900006C6973748A
:100FA000206E6F7420656D707479000064697370D1
:100FB0006174636865723100646973706174636839
:100FC00065723200646973706174636865720000F1
:100FD000696E76616C69642072657475726E2076D4
:100FE000616C75650000000030414243444546474E
:100FF00048494A5A00000000696E76616C696420B5
:101000006578697420636F646500000070726F76A4
:10101000696465722072657475726E6564206D65B1
:101020006D6F727900000000616C6C6F63617469B0
:101030006F6E206661696C6564000000616C6C6FA6
:10104000636174696F6E206E6F74206661696C6590
:1010500064000000696E7465677269747920666166
:10106000696C7572650000006D697373696E672045
:101070006672656520626C6F636B0000756E6578E3
:101080007065637465642068656170207374617451
:1010900065000000696E76616C6964207374617428
:1010A0006500000073697A65206368616E67656436
:1010B000000000006D7973656D0000006D79706946
:1010C000706500006D796F626A0000006D7962756D
:1010D000660000006D796D62780000006D796669C8
:1010E000666F000063616E6E6F7420637265617479
:1010F0006500000063616E206372656174650000C5
:101100006E6F7420666F756E640000006F626A65B2
:101110006374207265666572656E6365206D6973C0
:101120006D617463680000007265666572656E6368
:101130006573206D69736D617463680063616E6EC1
:101140006F742072656769737465720063616E20E5
:101150007265676973746572000000006F626A658A
:101160006374206D69736D6174636800626C696E8D
:101170006B65720074696D65720000004641494CF0
:101180005552450053554343455353002A2A2A20BC
:1011900025730D0A000000002A2A2A205465737462
:1011A0002053756974650D0A000000002A2A2A0D73
:1011B0000A0000004A616E2032342032303235207D
:1011C0002D2031313A34383A303600002A2A2A208C
:1011D000436F6D70696C65643A2020202020257370
:1011E0000D0A00002A2A2A20506C6174666F726D05
:1011F0003A202020202025730D0A00002A2A2A20C8
:101200005465737420426F6172643A202020257304
:101210000D0A00002A2A2A20546578742073697AFE
:10122000653A2020202025752062797465730D0AA7
:10123000000000002A2A2A20524F20646174612095
:1012400073697A653A2025752062797465730D0A91
:10125000000000002A2A2A20446174612073697A00
:10126000653A2020202025752062797465730D0A67
:10127000000000002A2A2A204253532073697A650D
:101280003A202020202025752062797465730D0A8C
:10129000000000003D3D3D2054657374205365718E
:1012A00075656E636520257520282573290D0A0054
:1012B0002D2D2D2054657374204361736520257591
:1012C0002E257520282573290D0A00002D2D2D208F
:1012D000526573756C743A204641494C555245200D
:1012E00028232575205B00005D2022257322290D0F
:1012F0000A0000002D2D2D20526573756C743A2064
:10130000535543434553530D0A00000046696E612F
:101310006C20726573756C743A2025730D0A000099
:101320006331000063300000241301200002042018
:101330000004042000040420980404202013012049
:101340000012042000140420001404209814042027
:10135000000000000000000001000000000000206C
:1013600000120420590100200000000000000000CD
:1013700000C201007000000000000000100000002A
:1013800000000000981401206813012000000000F4
:10139000712D0020B12B0020912D0020D12B002099
:1013A000C12D0020112C0020812D0020C12B0020F8
:0413B000F107002021
:0813B40050F2FE7F0100000071
:1013BC00BC130120BC130120C4130120C81301204D
:1013CC00CC130120CC130120000000000000000011
:1013DC00DC130120DC1301200000000000000000E1
:1013EC0094150120A41501209415012094150120B9
:1013FC00000000000000000004140120041401206F
:10140C000C1401200C140120F014012000150120F3
:10141C00F0140120F0140120000000000000000076
:10142C0000000000000000003414012034140120DE
:10143C0000000000000000004414012044140120AE
:10144C00000000000000000054140120541401207E
:10145C00000000000000000064140120641401204E
:10146C000000000000000000040000000400000068
:10147C000000000000000000040000000400000058
:0C148C0000000000AA550000AA55000056
:0400000520000201D4
:00000001FF
